angkatan,program,ips_sem1,ips_sem2,ips_sem3,sks_sem1,sks_sem2,sks_sem3,failed_courses,failed_in_sem1,repeated_courses,ips_trend,avg_ips,ips_std,ips_min,sks_completion_ratio,target
2020,1,2.9,3.43,3.17,20.0,21.0,18.0,1,1,0,0.27,3.1666666666666665,0.26501572280401287,2.9,0.9833333333333333,1
2020,1,3.45,3.43,3.33,20.0,21.0,18.0,1,0,0,-0.1200000000000001,3.4033333333333338,0.06429100507328643,3.33,0.9833333333333333,1
2020,1,3.1,3.33,3.33,20.0,21.0,18.0,0,0,0,0.22999999999999998,3.2533333333333334,0.1327905619136139,3.1,0.9833333333333333,1
2020,1,3.1,3.24,3.67,20.0,21.0,18.0,8,0,0,0.5699999999999998,3.3366666666666664,0.297040962382856,3.1,0.9833333333333333,0
2020,1,3.2,3.43,3.33,20.0,21.0,18.0,0,0,0,0.1299999999999999,3.3200000000000003,0.11532562594670794,3.2,0.9833333333333333,0
2020,1,3.15,3.43,3.0,20.0,21.0,18.0,0,0,0,-0.1499999999999999,3.1933333333333334,0.21825062046494478,3.0,0.9833333333333333,0
2020,1,3.25,3.43,3.17,20.0,21.0,18.0,0,0,0,-0.08000000000000007,3.283333333333333,0.133166562369588,3.17,0.9833333333333333,1
2020,1,3.45,3.38,3.67,20.0,21.0,18.0,0,0,0,0.21999999999999975,3.5,0.15132745950421553,3.38,0.9833333333333333,1
2020,1,3.45,3.48,3.67,20.0,21.0,18.0,14,0,0,0.21999999999999975,3.533333333333333,0.11930353445448844,3.45,0.9833333333333333,0
2020,1,3.73,3.75,4.0,14.0,4.0,1.0,0,0,0,0.27,3.8266666666666667,0.1504437879519568,3.73,0.31666666666666665,1
2020,1,3.44,3.5,4.0,14.0,4.0,1.0,0,0,0,0.56,3.6466666666666665,0.30746273486933884,3.44,0.31666666666666665,1
2020,1,3.68,3.75,4.0,14.0,4.0,1.0,0,0,0,0.31999999999999984,3.81,0.16822603841260717,3.68,0.31666666666666665,1
2020,1,3.51,3.5,4.0,14.0,4.0,1.0,0,0,0,0.4900000000000002,3.67,0.2858321185591291,3.5,0.31666666666666665,1
2020,1,3.16,3.46,3.2,14.0,6.0,7.0,0,0,0,0.040000000000000036,3.2733333333333334,0.16289055630494145,3.16,0.45,1
2020,1,3.31,3.5,3.0,14.0,4.0,1.0,0,0,0,-0.31000000000000005,3.27,0.25238858928247926,3.0,0.31666666666666665,1
2020,1,3.71,3.5,4.0,14.0,4.0,1.0,0,0,0,0.29000000000000004,3.736666666666667,0.251064400768674,3.5,0.31666666666666665,1
2020,1,3.56,3.5,3.0,14.0,4.0,1.0,0,0,0,-0.56,3.3533333333333335,0.30746273486933884,3.0,0.31666666666666665,1
2020,1,3.38,3.5,4.0,14.0,4.0,1.0,0,0,0,0.6200000000000001,3.6266666666666665,0.32883633213702734,3.38,0.31666666666666665,1
2020,1,3.4,3.25,3.0,14.0,4.0,1.0,0,0,0,-0.3999999999999999,3.216666666666667,0.20207259421636897,3.0,0.31666666666666665,1
2020,1,3.56,3.5,4.0,14.0,4.0,1.0,0,0,0,0.43999999999999995,3.686666666666667,0.2730079363925769,3.5,0.31666666666666665,1
2020,1,3.3,3.5,3.0,14.0,4.0,1.0,0,0,0,-0.2999999999999998,3.266666666666667,0.2516611478423583,3.0,0.31666666666666665,1
2020,1,3.41,3.5,4.0,14.0,4.0,1.0,0,0,0,0.5899999999999999,3.6366666666666667,0.31785741037976967,3.41,0.31666666666666665,1
2020,1,3.39,3.5,4.0,14.0,4.0,1.0,0,0,0,0.6099999999999999,3.6300000000000003,0.3251153641401771,3.39,0.31666666666666665,1
2020,1,3.29,3.25,3.0,14.0,4.0,1.0,0,0,0,-0.29000000000000004,3.1799999999999997,0.15716233645501712,3.0,0.31666666666666665,1
2020,1,3.46,3.5,4.0,14.0,4.0,1.0,0,0,0,0.54,3.6533333333333338,0.3008875759039136,3.46,0.31666666666666665,1
2020,1,3.16,3.5,3.0,14.0,4.0,1.0,0,0,0,-0.16000000000000014,3.22,0.25534290669607407,3.0,0.31666666666666665,1
2020,1,3.49,3.5,3.0,14.0,4.0,1.0,0,0,0,-0.4900000000000002,3.33,0.2858321185591291,3.0,0.31666666666666665,1
2020,1,3.31,3.75,4.0,14.0,4.0,1.0,0,0,0,0.69,3.686666666666667,0.3493326972004386,3.31,0.31666666666666665,1
2020,1,3.54,3.5,4.0,14.0,4.0,1.0,0,0,0,0.45999999999999996,3.6799999999999997,0.2778488797889961,3.5,0.31666666666666665,1
2020,1,3.15,3.25,3.0,14.0,4.0,1.0,1,1,0,-0.1499999999999999,3.1333333333333333,0.12583057392117916,3.0,0.31666666666666665,1
2020,1,3.06,3.25,4.0,14.0,4.0,1.0,0,0,0,0.94,3.436666666666667,0.49702447961175245,3.06,0.31666666666666665,1
2020,1,3.11,3.25,3.0,14.0,4.0,1.0,0,0,0,-0.10999999999999988,3.1199999999999997,0.12529964086141668,3.0,0.31666666666666665,1
2020,1,3.07,3.25,3.0,14.0,4.0,1.0,0,0,0,-0.06999999999999984,3.106666666666667,0.12897028081435405,3.0,0.31666666666666665,1
2020,1,3.17,3.15,3.44,14.0,6.0,6.0,1,1,0,0.27,3.2533333333333334,0.1619670748434179,3.15,0.43333333333333335,1
2020,0,2.95,3.19,3.5,20.0,21.0,22.0,0,0,0,0.5499999999999998,3.2133333333333334,0.2757414247684473,2.95,1.05,1
2020,0,3.3,3.29,4.0,20.0,21.0,22.0,0,0,0,0.7000000000000002,3.53,0.40706264874095244,3.29,1.05,1
2020,0,3.35,3.1,3.77,20.0,21.0,22.0,0,0,0,0.41999999999999993,3.4066666666666667,0.3385754470326124,3.1,1.05,1
2020,0,3.55,3.33,3.73,20.0,21.0,22.0,0,0,0,0.18000000000000016,3.5366666666666666,0.20033305601755622,3.33,1.05,1
2020,0,3.4,3.0,3.27,20.0,21.0,22.0,0,0,0,-0.1299999999999999,3.223333333333333,0.20404247923737184,3.0,1.05,1
2020,0,3.5,3.19,3.64,20.0,21.0,22.0,0,0,0,0.14000000000000012,3.4433333333333334,0.23028967265887842,3.19,1.05,1
2015,1,3.18,3.25,3.0,14.0,18.0,6.0,0,0,0,-0.18000000000000016,3.143333333333333,0.12897028081435405,3.0,0.6333333333333333,1
2015,1,3.18,3.25,3.0,14.0,18.0,6.0,0,0,0,-0.18000000000000016,3.143333333333333,0.12897028081435405,3.0,0.6333333333333333,1
2015,1,3.18,3.25,4.0,14.0,18.0,6.0,0,0,0,0.8199999999999998,3.4766666666666666,0.454569393309023,3.18,0.6333333333333333,1
2015,1,3.18,3.25,3.0,14.0,18.0,6.0,0,0,0,-0.18000000000000016,3.143333333333333,0.12897028081435405,3.0,0.6333333333333333,1
2015,1,3.18,3.25,3.0,14.0,18.0,6.0,0,0,0,-0.18000000000000016,3.143333333333333,0.12897028081435405,3.0,0.6333333333333333,1
2015,1,3.18,3.25,3.0,14.0,18.0,6.0,0,0,0,-0.18000000000000016,3.143333333333333,0.12897028081435405,3.0,0.6333333333333333,1
2015,1,3.18,3.25,4.0,14.0,18.0,6.0,0,0,0,0.8199999999999998,3.4766666666666666,0.454569393309023,3.18,0.6333333333333333,1
2015,1,3.18,3.25,4.0,14.0,18.0,6.0,0,0,0,0.8199999999999998,3.4766666666666666,0.454569393309023,3.18,0.6333333333333333,1
2015,1,3.18,3.25,4.0,14.0,18.0,6.0,0,0,0,0.8199999999999998,3.4766666666666666,0.454569393309023,3.18,0.6333333333333333,1
2015,1,3.18,3.25,4.0,14.0,18.0,6.0,0,0,0,0.8199999999999998,3.4766666666666666,0.454569393309023,3.18,0.6333333333333333,1
2015,1,3.18,3.25,3.0,14.0,18.0,6.0,0,0,0,-0.18000000000000016,3.143333333333333,0.12897028081435405,3.0,0.6333333333333333,1
2015,1,3.18,3.25,4.0,14.0,18.0,6.0,0,0,0,0.8199999999999998,3.4766666666666666,0.454569393309023,3.18,0.6333333333333333,1
2015,1,3.18,3.25,3.0,14.0,18.0,6.0,0,0,0,-0.18000000000000016,3.143333333333333,0.12897028081435405,3.0,0.6333333333333333,1
2015,1,3.18,3.25,3.0,14.0,18.0,6.0,0,0,0,-0.18000000000000016,3.143333333333333,0.12897028081435405,3.0,0.6333333333333333,1
2015,1,3.18,3.25,3.0,14.0,18.0,6.0,0,0,0,-0.18000000000000016,3.143333333333333,0.12897028081435405,3.0,0.6333333333333333,1
2015,1,3.18,3.25,3.0,14.0,18.0,6.0,0,0,0,-0.18000000000000016,3.143333333333333,0.12897028081435405,3.0,0.6333333333333333,1
2015,1,3.18,3.25,4.0,14.0,18.0,6.0,0,0,0,0.8199999999999998,3.4766666666666666,0.454569393309023,3.18,0.6333333333333333,1
2015,1,3.18,3.25,3.0,14.0,18.0,6.0,0,0,0,-0.18000000000000016,3.143333333333333,0.12897028081435405,3.0,0.6333333333333333,1
2015,1,3.18,3.25,4.0,14.0,18.0,6.0,0,0,0,0.8199999999999998,3.4766666666666666,0.454569393309023,3.18,0.6333333333333333,1
2015,1,3.18,3.25,3.0,14.0,18.0,6.0,0,0,0,-0.18000000000000016,3.143333333333333,0.12897028081435405,3.0,0.6333333333333333,1
2015,1,3.18,3.25,4.0,14.0,18.0,6.0,0,0,0,0.8199999999999998,3.4766666666666666,0.454569393309023,3.18,0.6333333333333333,1
2015,1,3.18,3.25,3.0,14.0,18.0,6.0,0,0,0,-0.18000000000000016,3.143333333333333,0.12897028081435405,3.0,0.6333333333333333,1
2015,1,3.18,3.25,3.0,14.0,18.0,6.0,0,0,0,-0.18000000000000016,3.143333333333333,0.12897028081435405,3.0,0.6333333333333333,1
2015,1,3.18,3.25,4.0,14.0,18.0,6.0,0,0,0,0.8199999999999998,3.4766666666666666,0.454569393309023,3.18,0.6333333333333333,1
2015,1,3.18,3.25,3.0,14.0,18.0,6.0,0,0,0,-0.18000000000000016,3.143333333333333,0.12897028081435405,3.0,0.6333333333333333,1
2015,1,3.18,3.25,3.0,14.0,18.0,6.0,0,0,0,-0.18000000000000016,3.143333333333333,0.12897028081435405,3.0,0.6333333333333333,1
2015,1,3.18,3.25,3.0,14.0,18.0,6.0,0,0,0,-0.18000000000000016,3.143333333333333,0.12897028081435405,3.0,0.6333333333333333,1
2015,1,3.18,3.25,3.0,14.0,18.0,6.0,0,0,0,-0.18000000000000016,3.143333333333333,0.12897028081435405,3.0,0.6333333333333333,1
2015,1,3.18,3.25,3.0,14.0,18.0,6.0,0,0,0,-0.18000000000000016,3.143333333333333,0.12897028081435405,3.0,0.6333333333333333,1
2015,1,3.18,3.25,4.0,14.0,18.0,6.0,0,0,0,0.8199999999999998,3.4766666666666666,0.454569393309023,3.18,0.6333333333333333,1
2015,1,3.18,3.25,3.0,14.0,18.0,6.0,0,0,0,-0.18000000000000016,3.143333333333333,0.12897028081435405,3.0,0.6333333333333333,1
2015,1,3.18,3.25,3.0,14.0,18.0,6.0,0,0,0,-0.18000000000000016,3.143333333333333,0.12897028081435405,3.0,0.6333333333333333,1
2015,1,3.18,3.25,3.0,14.0,18.0,6.0,0,0,0,-0.18000000000000016,3.143333333333333,0.12897028081435405,3.0,0.6333333333333333,1
2015,1,3.18,3.25,4.0,14.0,18.0,6.0,0,0,0,0.8199999999999998,3.4766666666666666,0.454569393309023,3.18,0.6333333333333333,1
2015,1,3.18,3.25,3.0,14.0,18.0,6.0,0,0,0,-0.18000000000000016,3.143333333333333,0.12897028081435405,3.0,0.6333333333333333,1
2015,1,3.18,3.25,3.0,14.0,18.0,6.0,0,0,0,-0.18000000000000016,3.143333333333333,0.12897028081435405,3.0,0.6333333333333333,1
2015,1,3.18,3.25,3.0,14.0,18.0,6.0,0,0,0,-0.18000000000000016,3.143333333333333,0.12897028081435405,3.0,0.6333333333333333,1
2015,1,3.18,3.25,4.0,14.0,18.0,6.0,0,0,0,0.8199999999999998,3.4766666666666666,0.454569393309023,3.18,0.6333333333333333,1
2015,1,3.18,3.25,4.0,14.0,18.0,6.0,0,0,0,0.8199999999999998,3.4766666666666666,0.454569393309023,3.18,0.6333333333333333,1
2015,1,3.18,3.25,4.0,14.0,18.0,6.0,0,0,0,0.8199999999999998,3.4766666666666666,0.454569393309023,3.18,0.6333333333333333,1
2015,1,3.18,3.25,3.0,14.0,18.0,6.0,0,0,0,-0.18000000000000016,3.143333333333333,0.12897028081435405,3.0,0.6333333333333333,1
2015,1,3.18,3.25,3.0,14.0,18.0,6.0,0,0,0,-0.18000000000000016,3.143333333333333,0.12897028081435405,3.0,0.6333333333333333,1
2015,1,3.18,3.25,3.0,14.0,18.0,6.0,0,0,0,-0.18000000000000016,3.143333333333333,0.12897028081435405,3.0,0.6333333333333333,1
2015,1,3.18,3.25,3.0,14.0,18.0,6.0,0,0,0,-0.18000000000000016,3.143333333333333,0.12897028081435405,3.0,0.6333333333333333,1
2015,1,3.18,3.25,3.0,14.0,18.0,6.0,0,0,0,-0.18000000000000016,3.143333333333333,0.12897028081435405,3.0,0.6333333333333333,1
2015,1,3.18,3.25,4.0,14.0,18.0,6.0,0,0,0,0.8199999999999998,3.4766666666666666,0.454569393309023,3.18,0.6333333333333333,1
2015,1,3.18,3.25,3.0,14.0,18.0,6.0,0,0,0,-0.18000000000000016,3.143333333333333,0.12897028081435405,3.0,0.6333333333333333,1
2015,1,3.18,3.25,3.0,14.0,18.0,6.0,0,0,0,-0.18000000000000016,3.143333333333333,0.12897028081435405,3.0,0.6333333333333333,1
2015,1,3.18,3.25,4.0,14.0,18.0,6.0,0,0,0,0.8199999999999998,3.4766666666666666,0.454569393309023,3.18,0.6333333333333333,1
2015,1,3.18,3.25,3.0,14.0,18.0,6.0,0,0,0,-0.18000000000000016,3.143333333333333,0.12897028081435405,3.0,0.6333333333333333,1
2015,1,3.18,3.25,3.0,14.0,18.0,6.0,0,0,0,-0.18000000000000016,3.143333333333333,0.12897028081435405,3.0,0.6333333333333333,1
2015,1,3.18,3.25,4.0,14.0,18.0,6.0,0,0,0,0.8199999999999998,3.4766666666666666,0.454569393309023,3.18,0.6333333333333333,1
2015,1,3.18,3.25,4.0,14.0,18.0,6.0,0,0,0,0.8199999999999998,3.4766666666666666,0.454569393309023,3.18,0.6333333333333333,1
2015,1,3.18,3.25,4.0,14.0,18.0,6.0,0,0,0,0.8199999999999998,3.4766666666666666,0.454569393309023,3.18,0.6333333333333333,1
2015,1,3.18,3.25,3.0,14.0,18.0,6.0,0,0,0,-0.18000000000000016,3.143333333333333,0.12897028081435405,3.0,0.6333333333333333,1
2015,1,3.18,3.25,3.0,14.0,18.0,6.0,0,0,0,-0.18000000000000016,3.143333333333333,0.12897028081435405,3.0,0.6333333333333333,1
2015,1,3.18,3.25,3.0,14.0,18.0,6.0,0,0,0,-0.18000000000000016,3.143333333333333,0.12897028081435405,3.0,0.6333333333333333,1
2015,1,3.18,3.25,3.0,14.0,18.0,6.0,0,0,0,-0.18000000000000016,3.143333333333333,0.12897028081435405,3.0,0.6333333333333333,1
2015,1,3.18,3.25,3.0,14.0,18.0,6.0,0,0,0,-0.18000000000000016,3.143333333333333,0.12897028081435405,3.0,0.6333333333333333,1
2015,1,3.18,3.25,4.0,14.0,18.0,6.0,0,0,0,0.8199999999999998,3.4766666666666666,0.454569393309023,3.18,0.6333333333333333,1
2015,1,3.18,3.25,4.0,14.0,18.0,6.0,0,0,0,0.8199999999999998,3.4766666666666666,0.454569393309023,3.18,0.6333333333333333,1
2015,1,3.18,3.25,3.0,14.0,18.0,6.0,0,0,0,-0.18000000000000016,3.143333333333333,0.12897028081435405,3.0,0.6333333333333333,1
2015,1,3.18,3.25,3.0,14.0,18.0,6.0,0,0,0,-0.18000000000000016,3.143333333333333,0.12897028081435405,3.0,0.6333333333333333,1
2015,1,3.18,3.25,3.0,14.0,18.0,6.0,0,0,0,-0.18000000000000016,3.143333333333333,0.12897028081435405,3.0,0.6333333333333333,1
2015,1,3.18,3.25,3.0,14.0,18.0,6.0,0,0,0,-0.18000000000000016,3.143333333333333,0.12897028081435405,3.0,0.6333333333333333,1
2015,1,3.18,3.25,4.0,14.0,18.0,6.0,0,0,0,0.8199999999999998,3.4766666666666666,0.454569393309023,3.18,0.6333333333333333,1
2015,1,3.18,3.25,3.0,14.0,18.0,6.0,0,0,0,-0.18000000000000016,3.143333333333333,0.12897028081435405,3.0,0.6333333333333333,1
2015,1,3.18,3.25,4.0,14.0,18.0,6.0,0,0,0,0.8199999999999998,3.4766666666666666,0.454569393309023,3.18,0.6333333333333333,1
2015,1,3.18,3.25,3.0,14.0,18.0,6.0,0,0,0,-0.18000000000000016,3.143333333333333,0.12897028081435405,3.0,0.6333333333333333,1
2015,1,3.18,3.25,3.0,14.0,18.0,6.0,0,0,0,-0.18000000000000016,3.143333333333333,0.12897028081435405,3.0,0.6333333333333333,1
2015,1,3.18,3.25,3.0,14.0,18.0,6.0,0,0,0,-0.18000000000000016,3.143333333333333,0.12897028081435405,3.0,0.6333333333333333,1
2015,1,3.18,3.25,4.0,14.0,18.0,6.0,0,0,0,0.8199999999999998,3.4766666666666666,0.454569393309023,3.18,0.6333333333333333,1
2015,1,3.18,3.25,3.0,14.0,18.0,6.0,0,0,0,-0.18000000000000016,3.143333333333333,0.12897028081435405,3.0,0.6333333333333333,1
2015,1,3.18,3.25,3.0,14.0,18.0,6.0,0,0,0,-0.18000000000000016,3.143333333333333,0.12897028081435405,3.0,0.6333333333333333,1
2015,1,3.18,3.25,3.0,14.0,18.0,6.0,0,0,0,-0.18000000000000016,3.143333333333333,0.12897028081435405,3.0,0.6333333333333333,1
2015,1,3.18,3.25,3.0,14.0,18.0,6.0,0,0,0,-0.18000000000000016,3.143333333333333,0.12897028081435405,3.0,0.6333333333333333,1
2015,0,3.18,3.25,3.67,14.0,18.0,9.0,0,0,1,0.48999999999999977,3.3666666666666667,0.26501572280401264,3.18,0.6833333333333333,1
2015,0,3.0,3.13,3.5,20.0,16.0,20.0,0,0,0,0.5,3.2099999999999995,0.25942243542145693,3.0,0.9333333333333333,1
2015,0,3.0,3.13,3.0,20.0,16.0,20.0,0,0,0,0.0,3.043333333333333,0.07505553499465129,3.0,0.9333333333333333,1
2015,0,3.4,3.38,3.7,20.0,16.0,20.0,0,0,0,0.30000000000000027,3.4933333333333336,0.1792577287966502,3.38,0.9333333333333333,1
2015,0,3.0,3.13,3.0,20.0,16.0,20.0,0,0,0,0.0,3.043333333333333,0.07505553499465129,3.0,0.9333333333333333,1
2015,0,3.3,3.38,3.35,20.0,16.0,20.0,0,0,0,0.050000000000000266,3.3433333333333333,0.04041451884327386,3.3,0.9333333333333333,1
2015,0,3.5,3.38,3.5,20.0,16.0,20.0,0,0,0,0.0,3.4599999999999995,0.06928203230275516,3.38,0.9333333333333333,1
2015,0,3.1,3.25,3.5,20.0,16.0,20.0,0,0,0,0.3999999999999999,3.283333333333333,0.20207259421636897,3.1,0.9333333333333333,1
2015,0,3.0,3.0,3.0,20.0,16.0,20.0,0,0,0,0.0,3.0,0.0,3.0,0.9333333333333333,1
2015,0,3.6,3.63,3.65,20.0,16.0,20.0,0,0,0,0.04999999999999982,3.626666666666667,0.025166114784235735,3.6,0.9333333333333333,1
2015,0,3.1,3.0,3.0,20.0,16.0,20.0,0,0,0,-0.10000000000000009,3.033333333333333,0.05773502691896263,3.0,0.9333333333333333,1
2015,0,3.1,3.13,3.0,20.0,16.0,20.0,0,0,0,-0.10000000000000009,3.0766666666666667,0.06806859285554043,3.0,0.9333333333333333,1
2015,0,3.1,3.13,3.65,20.0,16.0,20.0,0,0,0,0.5499999999999998,3.2933333333333334,0.3092463958291726,3.1,0.9333333333333333,1
2015,0,3.4,3.5,4.0,20.0,16.0,20.0,0,0,0,0.6000000000000001,3.6333333333333333,0.3214550253664319,3.4,0.9333333333333333,1
2015,0,3.1,3.5,3.3,20.0,16.0,20.0,0,0,0,0.19999999999999973,3.2999999999999994,0.19999999999999996,3.1,0.9333333333333333,1
2015,0,3.2,3.38,3.15,20.0,16.0,20.0,0,0,0,-0.050000000000000266,3.2433333333333336,0.12096831541082696,3.15,0.9333333333333333,1
2015,0,3.1,3.0,3.2,20.0,16.0,20.0,0,0,0,0.10000000000000009,3.1,0.10000000000000009,3.0,0.9333333333333333,1
2015,0,2.9,3.13,3.15,20.0,16.0,20.0,0,0,0,0.25,3.06,0.13892443989449804,2.9,0.9333333333333333,1
2015,0,3.0,3.13,3.0,20.0,16.0,20.0,0,0,0,0.0,3.043333333333333,0.07505553499465129,3.0,0.9333333333333333,1
2015,0,3.0,3.0,3.0,20.0,16.0,20.0,0,0,0,0.0,3.0,0.0,3.0,0.9333333333333333,1
2015,0,3.1,3.38,3.2,20.0,16.0,20.0,0,0,0,0.10000000000000009,3.2266666666666666,0.14189197769195167,3.1,0.9333333333333333,1
2015,0,3.1,3.13,3.3,20.0,16.0,20.0,0,0,0,0.19999999999999973,3.176666666666667,0.10785793124908946,3.1,0.9333333333333333,1
2015,0,3.1,3.0,3.35,20.0,16.0,20.0,0,0,0,0.25,3.15,0.1802775637731995,3.0,0.9333333333333333,1
2015,0,3.0,3.38,3.55,20.0,16.0,20.0,0,0,0,0.5499999999999998,3.31,0.28160255680657437,3.0,0.9333333333333333,1
2015,0,3.0,3.0,3.0,20.0,16.0,20.0,0,0,0,0.0,3.0,0.0,3.0,0.9333333333333333,1
2015,0,3.3,3.38,3.67,20.0,16.0,20.0,8,0,8,0.3700000000000001,3.4499999999999997,0.1946792233393179,3.3,0.9333333333333333,0
2015,0,3.0,3.0,3.0,20.0,16.0,20.0,0,0,0,0.0,3.0,0.0,3.0,0.9333333333333333,1
2015,0,3.0,3.13,3.7,20.0,16.0,20.0,0,0,0,0.7000000000000002,3.276666666666667,0.3723349746308201,3.0,0.9333333333333333,1
2015,0,3.0,3.0,3.0,20.0,16.0,20.0,0,0,0,0.0,3.0,0.0,3.0,0.9333333333333333,1
2015,0,3.1,3.13,3.0,20.0,16.0,20.0,0,0,0,-0.10000000000000009,3.0766666666666667,0.06806859285554043,3.0,0.9333333333333333,1
2015,0,2.6,3.0,3.0,20.0,16.0,20.0,0,0,0,0.3999999999999999,2.8666666666666667,0.23094010767585024,2.6,0.9333333333333333,0
2015,0,3.5,3.38,3.65,20.0,16.0,20.0,0,0,0,0.1499999999999999,3.51,0.13527749258468683,3.38,0.9333333333333333,1
2015,0,3.5,3.13,3.35,20.0,16.0,20.0,0,0,0,-0.1499999999999999,3.3266666666666667,0.18610033136277151,3.13,0.9333333333333333,1
2015,0,3.0,3.5,3.5,20.0,16.0,20.0,0,0,0,0.5,3.3333333333333335,0.2886751345948129,3.0,0.9333333333333333,1
2015,0,3.2,3.13,3.15,20.0,16.0,20.0,0,0,0,-0.050000000000000266,3.16,0.03605551275464005,3.13,0.9333333333333333,1
2015,0,3.0,3.5,3.2,20.0,16.0,20.0,0,0,0,0.20000000000000018,3.233333333333333,0.2516611478423583,3.0,0.9333333333333333,1
2015,0,2.8,3.0,3.0,20.0,16.0,20.0,0,0,0,0.20000000000000018,2.9333333333333336,0.11547005383792526,2.8,0.9333333333333333,1
2015,0,3.0,3.38,3.15,20.0,16.0,20.0,0,0,0,0.1499999999999999,3.1766666666666663,0.19139836293274118,3.0,0.9333333333333333,1
2015,0,3.0,3.0,3.35,20.0,16.0,20.0,0,0,0,0.3500000000000001,3.1166666666666667,0.20207259421636906,3.0,0.9333333333333333,1
2015,0,3.0,3.13,3.0,20.0,16.0,20.0,0,0,0,0.0,3.043333333333333,0.07505553499465129,3.0,0.9333333333333333,1
2016,1,3.18,3.0,3.0,14.0,2.0,6.0,0,0,0,-0.18000000000000016,3.06,0.10392304845413274,3.0,0.36666666666666664,1
2016,1,3.18,3.0,3.67,14.0,2.0,6.0,1,0,1,0.48999999999999977,3.283333333333333,0.3467467856135559,3.0,0.36666666666666664,1
2016,1,3.18,4.0,3.0,14.0,2.0,6.0,0,0,0,-0.18000000000000016,3.393333333333333,0.5330415868704179,3.0,0.36666666666666664,1
2016,1,3.18,4.0,3.0,14.0,2.0,6.0,0,0,0,-0.18000000000000016,3.393333333333333,0.5330415868704179,3.0,0.36666666666666664,1
2016,1,3.18,4.0,4.0,14.0,2.0,6.0,0,0,0,0.8199999999999998,3.7266666666666666,0.47342722073549304,3.18,0.36666666666666664,1
2016,1,3.18,4.0,3.0,14.0,2.0,6.0,0,0,0,-0.18000000000000016,3.393333333333333,0.5330415868704179,3.0,0.36666666666666664,1
2016,1,3.18,3.0,3.0,14.0,2.0,6.0,0,0,0,-0.18000000000000016,3.06,0.10392304845413274,3.0,0.36666666666666664,1
2016,1,3.18,4.0,4.0,14.0,2.0,6.0,0,0,0,0.8199999999999998,3.7266666666666666,0.47342722073549304,3.18,0.36666666666666664,1
2016,1,3.18,3.0,4.0,14.0,2.0,6.0,0,0,0,0.8199999999999998,3.393333333333333,0.5330415868704179,3.0,0.36666666666666664,1
2016,1,3.18,3.0,3.0,14.0,2.0,6.0,0,0,0,-0.18000000000000016,3.06,0.10392304845413274,3.0,0.36666666666666664,1
2016,1,3.18,3.0,3.0,14.0,2.0,6.0,0,0,0,-0.18000000000000016,3.06,0.10392304845413274,3.0,0.36666666666666664,1
2016,1,3.18,4.0,3.0,14.0,2.0,6.0,0,0,0,-0.18000000000000016,3.393333333333333,0.5330415868704179,3.0,0.36666666666666664,1
2016,1,3.18,4.0,4.0,14.0,2.0,6.0,0,0,0,0.8199999999999998,3.7266666666666666,0.47342722073549304,3.18,0.36666666666666664,1
2016,1,3.18,3.0,3.0,14.0,2.0,6.0,0,0,0,-0.18000000000000016,3.06,0.10392304845413274,3.0,0.36666666666666664,1
2016,1,3.18,3.0,3.0,14.0,2.0,6.0,0,0,0,-0.18000000000000016,3.06,0.10392304845413274,3.0,0.36666666666666664,1
2016,1,3.18,4.0,4.0,14.0,2.0,6.0,0,0,0,0.8199999999999998,3.7266666666666666,0.47342722073549304,3.18,0.36666666666666664,1
2016,1,3.18,4.0,4.0,14.0,2.0,6.0,0,0,0,0.8199999999999998,3.7266666666666666,0.47342722073549304,3.18,0.36666666666666664,1
2016,1,3.18,4.0,3.0,14.0,2.0,6.0,0,0,0,-0.18000000000000016,3.393333333333333,0.5330415868704179,3.0,0.36666666666666664,1
2016,1,3.18,4.0,3.0,14.0,2.0,6.0,0,0,0,-0.18000000000000016,3.393333333333333,0.5330415868704179,3.0,0.36666666666666664,1
2016,1,3.18,3.0,3.67,14.0,2.0,6.0,1,0,1,0.48999999999999977,3.283333333333333,0.3467467856135559,3.0,0.36666666666666664,1
2016,1,3.18,3.0,3.0,14.0,2.0,6.0,0,0,0,-0.18000000000000016,3.06,0.10392304845413274,3.0,0.36666666666666664,1
2016,1,3.18,4.0,3.0,14.0,2.0,6.0,0,0,0,-0.18000000000000016,3.393333333333333,0.5330415868704179,3.0,0.36666666666666664,1
2016,1,3.18,3.0,3.67,14.0,2.0,6.0,1,0,0,0.48999999999999977,3.283333333333333,0.3467467856135559,3.0,0.36666666666666664,0
2016,1,3.18,4.0,3.0,14.0,2.0,6.0,0,0,0,-0.18000000000000016,3.393333333333333,0.5330415868704179,3.0,0.36666666666666664,1
2016,1,3.18,3.0,3.0,14.0,2.0,6.0,0,0,0,-0.18000000000000016,3.06,0.10392304845413274,3.0,0.36666666666666664,1
2016,0,3.09,3.0,0.3,22.0,16.0,20.0,7,0,8,-2.79,2.13,1.5854652314068574,0.3,0.9666666666666667,1
2016,0,3.27,3.5,3.3,22.0,16.0,20.0,0,0,0,0.029999999999999805,3.356666666666667,0.1250333288900737,3.27,0.9666666666666667,1
2016,0,3.18,3.0,2.95,22.0,16.0,20.0,0,0,0,-0.22999999999999998,3.043333333333333,0.12096831541082706,2.95,0.9666666666666667,1
2016,0,3.18,3.13,3.5,22.0,16.0,20.0,0,0,0,0.31999999999999984,3.27,0.2007485989988473,3.13,0.9666666666666667,1
2016,0,3.09,3.25,3.3,22.0,16.0,20.0,0,0,0,0.20999999999999996,3.2133333333333334,0.1096965511460289,3.09,0.9666666666666667,1
2016,0,3.27,3.38,3.3,22.0,16.0,20.0,0,0,0,0.029999999999999805,3.3166666666666664,0.05686240703077323,3.27,0.9666666666666667,1
2016,0,3.18,3.25,3.3,22.0,16.0,20.0,0,0,0,0.11999999999999966,3.2433333333333336,0.06027713773341691,3.18,0.9666666666666667,1
2016,0,3.45,3.63,3.65,22.0,16.0,20.0,0,0,0,0.19999999999999973,3.5766666666666667,0.1101514109457219,3.45,0.9666666666666667,1
2016,0,3.18,3.25,3.5,22.0,16.0,20.0,0,0,0,0.31999999999999984,3.31,0.16822603841260717,3.18,0.9666666666666667,1
2016,0,3.18,3.25,3.45,22.0,16.0,20.0,0,0,0,0.27,3.293333333333333,0.14011899704655806,3.18,0.9666666666666667,1
2016,0,3.09,3.0,3.3,22.0,16.0,20.0,0,0,0,0.20999999999999996,3.1300000000000003,0.15394804318340646,3.0,0.9666666666666667,1
2016,0,3.45,3.25,3.5,22.0,16.0,20.0,0,0,0,0.04999999999999982,3.4,0.13228756555322957,3.25,0.9666666666666667,1
2016,0,3.09,3.13,3.45,22.0,16.0,20.0,0,0,0,0.3600000000000003,3.223333333333333,0.19731531449265008,3.09,0.9666666666666667,1
2016,0,3.27,3.13,3.45,22.0,16.0,20.0,0,0,0,0.18000000000000016,3.2833333333333337,0.160416125540213,3.13,0.9666666666666667,1
2016,0,3.09,3.0,3.15,22.0,16.0,20.0,0,0,0,0.06000000000000005,3.08,0.07549834435270744,3.0,0.9666666666666667,1
2016,0,3.27,3.5,3.65,22.0,16.0,20.0,0,0,0,0.3799999999999999,3.473333333333333,0.19139836293274118,3.27,0.9666666666666667,1
2016,0,3.0,3.0,3.45,22.0,16.0,20.0,0,0,0,0.4500000000000002,3.15,0.25980762113533173,3.0,0.9666666666666667,1
2016,0,3.36,3.63,3.8,22.0,16.0,20.0,0,0,0,0.43999999999999995,3.5966666666666662,0.22188585654190157,3.36,0.9666666666666667,1
2016,0,3.09,3.13,3.45,22.0,16.0,20.0,0,0,0,0.3600000000000003,3.223333333333333,0.19731531449265008,3.09,0.9666666666666667,1
2016,0,3.45,3.75,3.8,22.0,16.0,20.0,0,0,0,0.34999999999999964,3.6666666666666665,0.18929694486000895,3.45,0.9666666666666667,1
2016,0,3.27,3.13,2.95,22.0,16.0,20.0,0,0,0,-0.31999999999999984,3.116666666666667,0.16041612554021278,2.95,0.9666666666666667,1
2016,0,3.36,3.38,3.3,22.0,16.0,20.0,0,0,0,-0.06000000000000005,3.3466666666666662,0.041633319989322695,3.3,0.9666666666666667,1
2016,0,3.27,3.25,3.45,22.0,16.0,20.0,0,0,0,0.18000000000000016,3.323333333333333,0.11015141094572213,3.25,0.9666666666666667,1
2016,0,3.55,3.88,3.65,22.0,16.0,20.0,0,0,0,0.10000000000000009,3.6933333333333334,0.16921386861996077,3.55,0.9666666666666667,1
2016,0,3.27,3.13,3.45,22.0,16.0,20.0,0,0,0,0.18000000000000016,3.2833333333333337,0.160416125540213,3.13,0.9666666666666667,1
2016,0,3.36,3.13,3.8,22.0,16.0,20.0,0,0,0,0.43999999999999995,3.4299999999999997,0.340440890610984,3.13,0.9666666666666667,1
2016,0,3.0,3.13,3.3,22.0,16.0,20.0,0,0,0,0.2999999999999998,3.143333333333333,0.15044378795195668,3.0,0.9666666666666667,0
2016,0,3.0,3.0,2.95,22.0,16.0,20.0,0,0,0,-0.04999999999999982,2.983333333333333,0.028867513459481187,2.95,0.9666666666666667,1
2016,0,3.0,3.0,3.15,22.0,16.0,20.0,0,0,0,0.1499999999999999,3.0500000000000003,0.08660254037844381,3.0,0.9666666666666667,1
2017,1,3.18,3.25,3.67,14.0,18.0,6.0,1,0,1,0.48999999999999977,3.3666666666666667,0.26501572280401264,3.18,0.6333333333333333,1
2017,1,3.18,3.25,4.0,14.0,18.0,6.0,0,0,0,0.8199999999999998,3.4766666666666666,0.454569393309023,3.18,0.6333333333333333,1
2017,1,3.18,3.25,3.0,14.0,18.0,6.0,0,0,0,-0.18000000000000016,3.143333333333333,0.12897028081435405,3.0,0.6333333333333333,1
2017,1,3.18,3.25,3.0,14.0,18.0,6.0,0,0,0,-0.18000000000000016,3.143333333333333,0.12897028081435405,3.0,0.6333333333333333,1
2017,1,3.18,3.25,4.0,14.0,18.0,6.0,0,0,0,0.8199999999999998,3.4766666666666666,0.454569393309023,3.18,0.6333333333333333,1
2017,1,3.18,3.25,3.0,14.0,18.0,6.0,0,0,0,-0.18000000000000016,3.143333333333333,0.12897028081435405,3.0,0.6333333333333333,1
2017,1,3.18,3.25,4.0,14.0,18.0,6.0,0,0,0,0.8199999999999998,3.4766666666666666,0.454569393309023,3.18,0.6333333333333333,1
2017,1,3.18,3.25,4.0,14.0,18.0,6.0,0,0,0,0.8199999999999998,3.4766666666666666,0.454569393309023,3.18,0.6333333333333333,1
2017,1,3.18,3.25,4.0,14.0,18.0,6.0,0,0,0,0.8199999999999998,3.4766666666666666,0.454569393309023,3.18,0.6333333333333333,1
2017,1,3.18,3.25,4.0,14.0,18.0,6.0,0,0,0,0.8199999999999998,3.4766666666666666,0.454569393309023,3.18,0.6333333333333333,1
2017,1,3.18,3.25,3.0,14.0,18.0,6.0,0,0,0,-0.18000000000000016,3.143333333333333,0.12897028081435405,3.0,0.6333333333333333,1
2017,1,3.18,3.25,4.0,14.0,18.0,6.0,0,0,0,0.8199999999999998,3.4766666666666666,0.454569393309023,3.18,0.6333333333333333,1
2017,1,3.18,3.25,4.0,14.0,18.0,6.0,0,0,0,0.8199999999999998,3.4766666666666666,0.454569393309023,3.18,0.6333333333333333,1
2017,1,3.18,3.25,3.0,14.0,18.0,6.0,0,0,0,-0.18000000000000016,3.143333333333333,0.12897028081435405,3.0,0.6333333333333333,1
2017,0,3.09,3.41,3.15,22.0,22.0,20.0,0,0,0,0.06000000000000005,3.216666666666667,0.1700980109623078,3.09,1.0666666666666667,1
2017,0,3.18,3.09,3.15,22.0,22.0,20.0,0,0,0,-0.03000000000000025,3.14,0.04582575694955854,3.09,1.0666666666666667,1
2017,0,3.0,3.32,3.3,22.0,22.0,20.0,0,0,0,0.2999999999999998,3.206666666666667,0.17925772879664995,3.0,1.0666666666666667,1
2017,0,3.0,3.18,3.35,22.0,22.0,20.0,0,0,0,0.3500000000000001,3.1766666666666663,0.1750238079043344,3.0,1.0666666666666667,1
2017,0,3.0,3.09,3.15,22.0,22.0,20.0,0,0,0,0.1499999999999999,3.08,0.07549834435270744,3.0,1.0666666666666667,1
2017,0,3.09,3.09,3.15,22.0,22.0,20.0,0,0,0,0.06000000000000005,3.11,0.03464101615137758,3.09,1.0666666666666667,1
2017,0,3.64,3.91,3.8,22.0,22.0,20.0,0,0,0,0.1599999999999997,3.7833333333333337,0.13576941236277532,3.64,1.0666666666666667,1
2017,0,3.09,3.14,3.5,22.0,22.0,20.0,0,0,0,0.41000000000000014,3.2433333333333336,0.22368132093076826,3.09,1.0666666666666667,0
2017,0,3.09,3.09,3.35,22.0,22.0,20.0,0,0,0,0.26000000000000023,3.1766666666666663,0.15011106998930285,3.09,1.0666666666666667,1
2017,0,3.0,3.23,3.45,22.0,22.0,20.0,0,0,0,0.4500000000000002,3.2266666666666666,0.2250185177565024,3.0,1.0666666666666667,1
2017,0,3.45,3.41,3.35,22.0,22.0,20.0,0,0,0,-0.10000000000000009,3.4033333333333338,0.05033222956847171,3.35,1.0666666666666667,1
2017,0,3.36,3.64,4.0,22.0,22.0,20.0,0,0,0,0.6400000000000001,3.6666666666666665,0.3208322510804258,3.36,1.0666666666666667,1
2017,0,3.18,3.32,3.15,22.0,22.0,20.0,0,0,0,-0.03000000000000025,3.216666666666667,0.09073771725877457,3.15,1.0666666666666667,1
2017,0,3.0,3.0,3.15,22.0,22.0,20.0,0,0,0,0.1499999999999999,3.0500000000000003,0.08660254037844381,3.0,1.0666666666666667,1
2017,0,3.45,3.41,3.65,22.0,22.0,20.0,0,0,0,0.19999999999999973,3.5033333333333334,0.12858201014657258,3.41,1.0666666666666667,1
2017,0,3.45,3.59,3.5,22.0,22.0,20.0,0,0,0,0.04999999999999982,3.513333333333333,0.07094598884597572,3.45,1.0666666666666667,1
2017,0,3.36,3.18,3.65,22.0,22.0,20.0,0,0,0,0.29000000000000004,3.3966666666666665,0.2371356854910987,3.18,1.0666666666666667,1
2017,0,3.09,3.32,3.15,22.0,22.0,20.0,0,0,0,0.06000000000000005,3.186666666666667,0.11930353445448852,3.09,1.0666666666666667,1
2017,0,3.09,3.09,3.15,22.0,22.0,20.0,0,0,0,0.06000000000000005,3.11,0.03464101615137758,3.09,1.0666666666666667,1
2017,0,3.55,3.64,4.0,22.0,22.0,20.0,0,0,0,0.4500000000000002,3.73,0.23811761799581319,3.55,1.0666666666666667,1
2017,0,3.55,3.55,3.3,22.0,22.0,20.0,0,0,0,-0.25,3.4666666666666663,0.14433756729740643,3.3,1.0666666666666667,1
2017,0,2.91,3.0,3.15,22.0,22.0,20.0,0,0,0,0.23999999999999977,3.02,0.1212435565298213,2.91,1.0666666666666667,0
2017,0,3.36,3.5,3.3,22.0,22.0,20.0,0,0,0,-0.06000000000000005,3.3866666666666667,0.10263202878893778,3.3,1.0666666666666667,1
2017,0,3.36,3.0,3.45,22.0,22.0,20.0,0,0,0,0.0900000000000003,3.2699999999999996,0.23811761799581319,3.0,1.0666666666666667,1
2017,0,3.0,3.32,3.45,22.0,22.0,20.0,0,0,0,0.4500000000000002,3.2566666666666664,0.2315887159024234,3.0,1.0666666666666667,1
2017,0,3.64,3.73,3.45,22.0,22.0,20.0,0,0,0,-0.18999999999999995,3.606666666666667,0.14294521094927704,3.45,1.0666666666666667,1
2017,0,3.36,3.41,3.35,22.0,22.0,20.0,0,0,0,-0.009999999999999787,3.373333333333333,0.03214550253664326,3.35,1.0666666666666667,1
2017,0,3.09,3.77,3.5,22.0,22.0,20.0,0,0,0,0.41000000000000014,3.453333333333333,0.34239353576452547,3.09,1.0666666666666667,1
2017,0,2.91,3.0,3.3,22.0,22.0,20.0,0,0,0,0.3899999999999997,3.0700000000000003,0.20420577856662123,2.91,1.0666666666666667,1
2017,0,3.36,3.09,3.3,22.0,22.0,20.0,0,0,0,-0.06000000000000005,3.25,0.14177446878757824,3.09,1.0666666666666667,1
2017,0,3.45,3.59,3.5,22.0,22.0,20.0,0,0,0,0.04999999999999982,3.513333333333333,0.07094598884597572,3.45,1.0666666666666667,1
2017,0,3.36,3.14,3.15,22.0,22.0,20.0,0,0,0,-0.20999999999999996,3.216666666666667,0.12423096769056141,3.14,1.0666666666666667,1
2017,0,3.36,3.32,3.3,22.0,22.0,20.0,0,0,0,-0.06000000000000005,3.3266666666666667,0.03055050463303896,3.3,1.0666666666666667,1
2017,0,3.27,3.59,3.35,22.0,22.0,20.0,0,0,0,0.08000000000000007,3.403333333333333,0.1665332799572905,3.27,1.0666666666666667,1
2021,1,3.52,3.48,3.5,14.0,9.0,4.0,0,0,0,-0.020000000000000018,3.5,0.020000000000000018,3.48,0.45,1
2021,1,3.29,3.48,3.25,14.0,9.0,4.0,0,0,0,-0.040000000000000036,3.34,0.12288205727444505,3.25,0.45,1
2021,1,3.28,3.33,3.67,14.0,9.0,4.0,0,0,0,0.3900000000000001,3.4266666666666663,0.21221058723196007,3.28,0.45,1
2021,1,3.27,3.52,4.0,14.0,10.0,3.0,0,0,0,0.73,3.5966666666666662,0.3709896674212549,3.27,0.45,1
2021,1,2.85,1.52,3.25,14.0,10.0,10.0,14,7,12,0.3999999999999999,2.54,0.9057041459549581,1.52,0.5666666666666667,1
2021,1,3.36,3.35,4.0,14.0,10.0,3.0,0,0,0,0.6400000000000001,3.5700000000000003,0.37242448899072145,3.35,0.45,1
2021,1,3.44,3.91,4.0,14.0,10.0,3.0,0,0,0,0.56,3.783333333333333,0.300721354967241,3.44,0.45,1
2021,1,3.25,3.65,3.74,14.0,10.0,7.0,0,0,0,0.4900000000000002,3.546666666666667,0.26083200212652846,3.25,0.5166666666666667,1
2021,1,3.42,3.43,3.74,14.0,10.0,7.0,0,0,0,0.3200000000000003,3.53,0.18193405398660262,3.42,0.5166666666666667,1
2021,1,3.49,3.52,3.63,14.0,10.0,3.0,0,0,0,0.13999999999999968,3.546666666666667,0.07371114795831979,3.49,0.45,1
2021,1,3.49,3.83,4.0,14.0,10.0,7.0,0,0,0,0.5099999999999998,3.7733333333333334,0.25967928938083085,3.49,0.5166666666666667,1
2021,1,3.31,3.74,3.57,14.0,10.0,9.0,0,0,0,0.2599999999999998,3.5400000000000005,0.21656407827707722,3.31,0.55,1
2021,1,3.25,3.65,3.84,14.0,10.0,7.0,0,0,0,0.5899999999999999,3.58,0.30116440692751184,3.25,0.5166666666666667,1
2021,1,3.62,3.35,3.38,14.0,10.0,3.0,0,0,0,-0.2400000000000002,3.4500000000000006,0.14798648586948748,3.35,0.45,1
2021,1,3.11,3.11,3.26,14.0,6.0,7.0,0,0,0,0.1499999999999999,3.16,0.08660254037844381,3.11,0.45,1
2021,1,3.02,3.0,3.0,14.0,4.0,2.0,0,0,0,-0.020000000000000018,3.0066666666666664,0.011547005383792526,3.0,0.3333333333333333,1
2021,1,3.15,2.5,3.0,14.0,4.0,2.0,0,0,0,-0.1499999999999999,2.8833333333333333,0.3403429642777023,2.5,0.3333333333333333,1
2021,1,3.52,3.5,4.0,14.0,4.0,2.0,0,0,0,0.48,3.6733333333333333,0.2830783166074953,3.5,0.3333333333333333,1
2021,1,3.26,3.0,4.0,14.0,4.0,2.0,0,0,0,0.7400000000000002,3.42,0.518844870842914,3.0,0.3333333333333333,1
2021,1,3.21,3.0,4.0,14.0,4.0,2.0,0,0,0,0.79,3.4033333333333338,0.527288662246149,3.0,0.3333333333333333,1
2021,1,3.56,3.0,4.0,14.0,4.0,2.0,0,0,0,0.43999999999999995,3.52,0.5011985634456667,3.0,0.3333333333333333,1
2021,1,3.13,2.5,3.0,14.0,4.0,2.0,0,0,0,-0.1299999999999999,2.8766666666666665,0.3326158945891391,2.5,0.3333333333333333,1
2021,1,3.46,2.5,4.0,14.0,4.0,2.0,0,0,0,0.54,3.3200000000000003,0.7597367965289031,2.5,0.3333333333333333,1
2021,1,3.24,3.5,4.0,14.0,4.0,2.0,0,0,0,0.7599999999999998,3.58,0.38626415831655925,3.24,0.3333333333333333,1
2021,1,3.82,4.0,3.67,14.0,4.0,2.0,0,0,0,-0.1499999999999999,3.83,0.1652271164185831,3.67,0.3333333333333333,1
2021,1,3.39,3.5,4.0,14.0,4.0,2.0,0,0,0,0.6099999999999999,3.6300000000000003,0.3251153641401771,3.39,0.3333333333333333,1
2021,1,3.47,3.5,4.0,14.0,4.0,2.0,0,0,0,0.5299999999999998,3.6566666666666667,0.29771350881902103,3.47,0.3333333333333333,1
2021,1,3.68,4.0,4.0,14.0,4.0,2.0,0,0,0,0.31999999999999984,3.893333333333333,0.18475208614068014,3.68,0.3333333333333333,1
2021,1,3.12,3.22,3.43,14.0,10.0,5.0,0,0,0,0.31000000000000005,3.2566666666666664,0.15821925715074425,3.12,0.48333333333333334,1
2021,1,3.24,4.0,3.57,14.0,10.0,5.0,0,0,0,0.3299999999999996,3.6033333333333335,0.38109491381194427,3.24,0.48333333333333334,1
2021,1,2.85,2.83,3.29,14.0,10.0,7.0,0,0,0,0.43999999999999995,2.9899999999999998,0.26,2.83,0.5166666666666667,1
2021,1,3.09,3.0,4.0,14.0,4.0,2.0,0,0,0,0.9100000000000001,3.3633333333333333,0.5532027958473578,3.0,0.3333333333333333,1
2021,0,3.45,3.43,3.5,20.0,21.0,22.0,0,0,0,0.04999999999999982,3.4600000000000004,0.0360555127546398,3.43,1.05,1
2021,0,3.1,3.19,4.0,20.0,21.0,22.0,0,0,0,0.8999999999999999,3.4299999999999997,0.49568134925574914,3.1,1.05,1
2021,0,3.5,3.33,3.36,20.0,21.0,22.0,0,0,0,-0.14000000000000012,3.3966666666666665,0.09073771725877465,3.33,1.05,1
2021,0,3.1,3.33,2.82,20.0,21.0,22.0,1,0,0,-0.28000000000000025,3.0833333333333335,0.25540817005987376,2.82,1.05,1
2021,0,3.5,3.33,3.5,20.0,21.0,22.0,0,0,0,0.0,3.4433333333333334,0.09814954576223633,3.33,1.05,1
2021,0,3.1,2.86,3.27,20.0,21.0,22.0,1,0,0,0.16999999999999993,3.0766666666666667,0.20599352740640509,2.86,1.05,1
2021,0,3.5,3.57,3.77,20.0,21.0,22.0,0,0,0,0.27,3.6133333333333333,0.14011899704655806,3.5,1.05,1
2021,0,3.1,2.76,3.14,20.0,21.0,22.0,0,0,0,0.040000000000000036,3.0,0.20880613017821117,2.76,1.05,1
2021,0,3.35,3.24,2.68,20.0,21.0,22.0,1,0,0,-0.6699999999999999,3.09,0.3593048844644336,2.68,1.05,1
2021,0,3.25,3.19,3.77,20.0,21.0,22.0,0,0,0,0.52,3.403333333333333,0.3189566323708183,3.19,1.05,1
2021,0,3.25,3.48,3.41,20.0,21.0,22.0,0,0,0,0.16000000000000014,3.3800000000000003,0.11789826122551597,3.25,1.05,0
2021,0,3.25,3.19,3.41,20.0,21.0,22.0,0,0,0,0.16000000000000014,3.283333333333333,0.11372481406154664,3.19,1.05,0
2021,0,3.35,3.05,3.91,20.0,21.0,22.0,0,0,0,0.56,3.436666666666667,0.4365012409298895,3.05,1.05,1
2021,0,3.2,3.29,3.41,20.0,21.0,22.0,0,0,0,0.20999999999999996,3.3000000000000003,0.10535653752852737,3.2,1.05,0
2018,1,3.18,3.25,3.67,14.0,18.0,9.0,0,0,0,0.48999999999999977,3.3666666666666667,0.26501572280401264,3.18,0.6833333333333333,1
2018,1,3.18,3.25,3.67,14.0,18.0,9.0,0,0,0,0.48999999999999977,3.3666666666666667,0.26501572280401264,3.18,0.6833333333333333,1
2018,1,3.18,3.25,3.67,14.0,18.0,9.0,0,0,0,0.48999999999999977,3.3666666666666667,0.26501572280401264,3.18,0.6833333333333333,1
2018,1,3.18,3.25,3.67,14.0,18.0,9.0,2,0,0,0.48999999999999977,3.3666666666666667,0.26501572280401264,3.18,0.6833333333333333,1
2018,1,3.18,3.25,3.67,14.0,18.0,9.0,0,0,0,0.48999999999999977,3.3666666666666667,0.26501572280401264,3.18,0.6833333333333333,1
2018,1,3.18,3.25,3.67,14.0,18.0,9.0,0,0,0,0.48999999999999977,3.3666666666666667,0.26501572280401264,3.18,0.6833333333333333,1
2018,1,3.18,3.25,3.67,14.0,18.0,9.0,0,0,0,0.48999999999999977,3.3666666666666667,0.26501572280401264,3.18,0.6833333333333333,1
2018,1,3.18,3.25,3.67,14.0,18.0,9.0,0,0,0,0.48999999999999977,3.3666666666666667,0.26501572280401264,3.18,0.6833333333333333,1
2018,1,3.18,3.25,3.67,14.0,18.0,9.0,2,0,0,0.48999999999999977,3.3666666666666667,0.26501572280401264,3.18,0.6833333333333333,1
2018,1,3.18,3.25,3.67,14.0,18.0,9.0,0,0,0,0.48999999999999977,3.3666666666666667,0.26501572280401264,3.18,0.6833333333333333,1
2018,1,3.18,3.25,3.67,14.0,18.0,9.0,0,0,0,0.48999999999999977,3.3666666666666667,0.26501572280401264,3.18,0.6833333333333333,1
2018,1,3.18,3.25,3.67,14.0,18.0,9.0,0,0,0,0.48999999999999977,3.3666666666666667,0.26501572280401264,3.18,0.6833333333333333,1
2018,1,3.18,3.25,3.67,14.0,18.0,9.0,1,0,0,0.48999999999999977,3.3666666666666667,0.26501572280401264,3.18,0.6833333333333333,1
2018,1,3.18,3.25,3.67,14.0,18.0,9.0,5,0,0,0.48999999999999977,3.3666666666666667,0.26501572280401264,3.18,0.6833333333333333,0
2018,1,3.18,3.25,3.67,14.0,18.0,9.0,0,0,0,0.48999999999999977,3.3666666666666667,0.26501572280401264,3.18,0.6833333333333333,1
2018,1,3.18,3.25,3.67,14.0,18.0,9.0,0,0,0,0.48999999999999977,3.3666666666666667,0.26501572280401264,3.18,0.6833333333333333,1
2018,1,3.18,3.25,3.67,14.0,18.0,9.0,0,0,0,0.48999999999999977,3.3666666666666667,0.26501572280401264,3.18,0.6833333333333333,1
2018,1,3.18,3.25,4.0,14.0,18.0,6.0,0,0,0,0.8199999999999998,3.4766666666666666,0.454569393309023,3.18,0.6333333333333333,1
2018,1,3.18,3.25,4.0,14.0,18.0,6.0,0,0,0,0.8199999999999998,3.4766666666666666,0.454569393309023,3.18,0.6333333333333333,1
2018,1,3.18,3.25,4.0,14.0,18.0,6.0,0,0,0,0.8199999999999998,3.4766666666666666,0.454569393309023,3.18,0.6333333333333333,1
2018,1,3.18,3.25,3.0,14.0,18.0,6.0,0,0,0,-0.18000000000000016,3.143333333333333,0.12897028081435405,3.0,0.6333333333333333,1
2018,1,3.18,3.25,3.0,14.0,18.0,6.0,0,0,0,-0.18000000000000016,3.143333333333333,0.12897028081435405,3.0,0.6333333333333333,1
2018,1,3.18,3.25,3.0,14.0,18.0,6.0,0,0,0,-0.18000000000000016,3.143333333333333,0.12897028081435405,3.0,0.6333333333333333,1
2018,1,3.18,3.25,4.0,14.0,18.0,6.0,0,0,0,0.8199999999999998,3.4766666666666666,0.454569393309023,3.18,0.6333333333333333,1
2018,1,3.18,3.25,3.0,14.0,18.0,6.0,0,0,0,-0.18000000000000016,3.143333333333333,0.12897028081435405,3.0,0.6333333333333333,1
2018,1,3.18,3.25,4.0,14.0,18.0,6.0,0,0,0,0.8199999999999998,3.4766666666666666,0.454569393309023,3.18,0.6333333333333333,1
2018,1,3.18,3.25,3.0,14.0,18.0,6.0,0,0,0,-0.18000000000000016,3.143333333333333,0.12897028081435405,3.0,0.6333333333333333,1
2018,1,3.18,3.25,3.0,14.0,18.0,6.0,0,0,0,-0.18000000000000016,3.143333333333333,0.12897028081435405,3.0,0.6333333333333333,1
2018,0,3.15,2.79,2.71,20.0,19.0,17.0,0,0,0,-0.43999999999999995,2.883333333333333,0.23437861108329255,2.71,0.9333333333333333,1
2018,0,3.86,3.72,3.35,14.0,18.0,20.0,0,0,0,-0.5099999999999998,3.643333333333333,0.2635020556529556,3.35,0.8666666666666667,1
2018,0,3.14,3.39,3.5,14.0,18.0,20.0,0,0,0,0.3599999999999999,3.3433333333333337,0.18448125469362275,3.14,0.8666666666666667,1
2018,0,3.14,3.22,3.35,14.0,18.0,20.0,0,0,0,0.20999999999999996,3.236666666666667,0.10598742063723095,3.14,0.8666666666666667,1
2018,0,4.0,3.89,3.8,14.0,18.0,20.0,0,0,0,-0.20000000000000018,3.896666666666667,0.1001665280087782,3.8,0.8666666666666667,1
2018,0,3.86,3.5,3.5,14.0,18.0,20.0,0,0,0,-0.3599999999999999,3.6199999999999997,0.20784609690826522,3.5,0.8666666666666667,1
2018,0,3.14,3.0,3.2,14.0,18.0,20.0,0,0,0,0.06000000000000005,3.1133333333333333,0.10263202878893778,3.0,0.8666666666666667,1
2018,0,3.86,3.11,3.35,14.0,18.0,20.0,0,0,0,-0.5099999999999998,3.44,0.38301436004411116,3.11,0.8666666666666667,1
2018,0,3.14,3.33,3.3,14.0,18.0,20.0,0,0,0,0.1599999999999997,3.2566666666666664,0.102143689640297,3.14,0.8666666666666667,1
2018,0,3.14,3.0,3.0,14.0,18.0,20.0,0,0,0,-0.14000000000000012,3.046666666666667,0.08082903768654767,3.0,0.8666666666666667,1
2018,0,3.86,3.72,3.8,14.0,18.0,20.0,0,0,0,-0.06000000000000005,3.793333333333333,0.07023769168568475,3.72,0.8666666666666667,1
2018,0,3.0,3.11,3.0,14.0,18.0,20.0,0,0,0,0.0,3.0366666666666666,0.06350852961085876,3.0,0.8666666666666667,1
2018,0,3.0,2.72,3.0,14.0,18.0,20.0,0,0,0,0.0,2.9066666666666667,0.1616580753730951,2.72,0.8666666666666667,1
2018,0,3.29,3.61,3.65,14.0,18.0,20.0,0,0,0,0.3599999999999999,3.516666666666667,0.19731531449264983,3.29,0.8666666666666667,1
2018,0,3.0,2.89,3.0,14.0,18.0,20.0,0,0,0,0.0,2.9633333333333334,0.06350852961085876,2.89,0.8666666666666667,1
2018,0,3.29,3.39,3.5,14.0,18.0,20.0,0,0,0,0.20999999999999996,3.393333333333333,0.10503967504392485,3.29,0.8666666666666667,1
2018,0,3.0,3.0,3.0,14.0,18.0,20.0,0,0,0,0.0,3.0,0.0,3.0,0.8666666666666667,1
2018,0,3.14,3.39,3.15,14.0,18.0,20.0,0,0,0,0.009999999999999787,3.2266666666666666,0.1415391583037477,3.14,0.8666666666666667,1
2019,0,3.57,3.14,3.32,14.0,22.0,19.0,2,0,0,-0.25,3.3433333333333333,0.2159475244899401,3.14,0.9166666666666666,1
2019,0,3.14,3.27,3.21,14.0,22.0,19.0,0,0,0,0.06999999999999984,3.206666666666667,0.06506407098647705,3.14,0.9166666666666666,1
2019,0,3.43,3.64,3.68,14.0,22.0,19.0,0,0,0,0.25,3.5833333333333335,0.13428824718989124,3.43,0.9166666666666666,1
2019,0,3.0,3.86,3.79,14.0,22.0,19.0,0,0,0,0.79,3.5499999999999994,0.4775981574503821,3.0,0.9166666666666666,1
2022,1,3.18,3.25,3.83,2.0,18.0,9.0,0,0,2,0.6499999999999999,3.42,0.35679125549822543,3.18,0.48333333333333334,1
2022,1,3.18,3.21,3.7,2.0,18.0,9.0,0,0,2,0.52,3.3633333333333333,0.2919474838619668,3.18,0.48333333333333334,1
2022,1,3.18,3.18,3.83,2.0,18.0,9.0,0,0,2,0.6499999999999999,3.396666666666667,0.3752776749732567,3.18,0.48333333333333334,1
2022,1,3.18,3.23,3.83,2.0,18.0,9.0,0,0,2,0.6499999999999999,3.4133333333333336,0.36170890690351176,3.18,0.48333333333333334,1
2022,1,3.18,3.23,3.83,2.0,18.0,9.0,0,0,2,0.6499999999999999,3.4133333333333336,0.36170890690351176,3.18,0.48333333333333334,1
2022,1,3.18,3.21,3.83,2.0,18.0,9.0,0,0,2,0.6499999999999999,3.4066666666666667,0.3669241520169166,3.18,0.48333333333333334,1
2022,1,3.18,3.29,3.83,2.0,18.0,9.0,0,0,2,0.6499999999999999,3.4333333333333336,0.3478984526170436,3.18,0.48333333333333334,1
2022,1,3.18,3.21,3.91,2.0,18.0,9.0,0,0,2,0.73,3.4333333333333336,0.4130778780488412,3.18,0.48333333333333334,1
2022,1,3.18,3.21,3.91,2.0,18.0,9.0,0,0,2,0.73,3.4333333333333336,0.4130778780488412,3.18,0.48333333333333334,1
2022,1,3.18,3.28,3.83,2.0,18.0,9.0,0,0,2,0.6499999999999999,3.4299999999999997,0.35000000000000003,3.18,0.48333333333333334,1
2022,1,3.18,3.22,3.7,2.0,18.0,9.0,0,0,2,0.52,3.366666666666667,0.2893671255228094,3.18,0.48333333333333334,1
2022,1,3.18,3.22,3.91,2.0,18.0,9.0,0,0,2,0.73,3.436666666666667,0.4104063027456247,3.18,0.48333333333333334,1
2022,1,3.18,3.26,3.91,2.0,18.0,9.0,0,0,2,0.73,3.4499999999999997,0.40037482438335215,3.18,0.48333333333333334,1
2022,1,3.18,3.25,3.7,2.0,18.0,9.0,0,0,2,0.52,3.3766666666666665,0.2821937868439583,3.18,0.48333333333333334,1
2022,1,3.18,3.25,3.83,2.0,18.0,9.0,0,0,2,0.6499999999999999,3.42,0.35679125549822543,3.18,0.48333333333333334,1
2022,1,3.18,3.27,3.83,2.0,18.0,9.0,0,0,2,0.6499999999999999,3.426666666666667,0.3521836642056717,3.18,0.48333333333333334,1
2022,1,3.18,3.31,3.91,2.0,18.0,9.0,0,0,2,0.73,3.466666666666667,0.38940124978399,3.18,0.48333333333333334,1
2022,1,3.18,3.25,3.91,2.0,18.0,9.0,0,0,2,0.73,3.4466666666666668,0.402781992315115,3.18,0.48333333333333334,1
2022,1,3.18,3.28,3.91,2.0,18.0,9.0,0,0,2,0.73,3.456666666666667,0.39576929306520664,3.18,0.48333333333333334,1
2022,1,3.18,3.22,3.7,2.0,18.0,9.0,0,0,2,0.52,3.366666666666667,0.2893671255228094,3.18,0.48333333333333334,1
2022,1,3.18,3.23,3.83,2.0,18.0,9.0,0,0,2,0.6499999999999999,3.4133333333333336,0.36170890690351176,3.18,0.48333333333333334,1
2022,1,3.18,3.25,3.83,2.0,18.0,9.0,0,0,2,0.6499999999999999,3.42,0.35679125549822543,3.18,0.48333333333333334,1
2022,1,3.18,3.19,3.91,2.0,18.0,9.0,0,0,2,0.73,3.426666666666667,0.41860880704224723,3.18,0.48333333333333334,1
2022,1,3.18,3.22,3.91,2.0,18.0,9.0,0,0,2,0.73,3.436666666666667,0.4104063027456247,3.18,0.48333333333333334,1
2022,1,3.18,3.26,3.83,2.0,18.0,9.0,0,0,2,0.6499999999999999,3.4233333333333333,0.35444792753426185,3.18,0.48333333333333334,1
2022,1,3.18,3.3,3.83,2.0,18.0,9.0,0,0,2,0.6499999999999999,3.436666666666667,0.3458805188693537,3.18,0.48333333333333334,1
2022,1,3.18,3.29,3.83,2.0,18.0,9.0,0,0,2,0.6499999999999999,3.4333333333333336,0.3478984526170436,3.18,0.48333333333333334,1
2022,1,3.18,3.26,3.78,2.0,18.0,9.0,0,0,2,0.5999999999999996,3.4066666666666663,0.32578111260988296,3.18,0.48333333333333334,1
2022,1,3.18,3.13,3.83,2.0,18.0,9.0,0,0,2,0.6499999999999999,3.3800000000000003,0.39051248379533277,3.13,0.48333333333333334,1
2022,1,3.18,3.14,3.7,2.0,18.0,9.0,0,0,2,0.52,3.34,0.3124099870362662,3.14,0.48333333333333334,1
2022,1,3.18,3.16,3.7,2.0,18.0,9.0,0,0,2,0.52,3.3466666666666662,0.3061590000854676,3.16,0.48333333333333334,1
2022,1,3.18,3.18,3.83,2.0,18.0,9.0,0,0,2,0.6499999999999999,3.396666666666667,0.3752776749732567,3.18,0.48333333333333334,1
2022,1,3.18,3.2,3.91,2.0,18.0,9.0,0,0,2,0.73,3.43,0.4158124577258358,3.18,0.48333333333333334,1
2022,1,3.18,3.25,3.91,2.0,18.0,9.0,0,0,2,0.73,3.4466666666666668,0.402781992315115,3.18,0.48333333333333334,1
2022,1,3.18,3.33,3.83,2.0,18.0,9.0,0,0,2,0.6499999999999999,3.4466666666666668,0.3403429642777023,3.18,0.48333333333333334,1
2022,1,3.18,3.27,3.83,2.0,18.0,9.0,0,0,2,0.6499999999999999,3.426666666666667,0.3521836642056717,3.18,0.48333333333333334,1
2022,1,3.18,3.28,3.83,2.0,18.0,9.0,0,0,2,0.6499999999999999,3.4299999999999997,0.35000000000000003,3.18,0.48333333333333334,1
2022,1,3.18,3.34,3.65,2.0,18.0,9.0,0,0,2,0.46999999999999975,3.39,0.2389560629069703,3.18,0.48333333333333334,1
2022,1,3.18,3.23,3.7,2.0,18.0,9.0,0,0,2,0.52,3.3699999999999997,0.28687976575562113,3.18,0.48333333333333334,1
2022,1,3.18,3.29,3.78,2.0,18.0,9.0,0,0,2,0.5999999999999996,3.4166666666666665,0.3194265695482034,3.18,0.48333333333333334,1
2022,1,3.18,3.26,3.78,2.0,18.0,9.0,0,0,2,0.5999999999999996,3.4066666666666663,0.32578111260988296,3.18,0.48333333333333334,1
2022,1,3.18,3.26,3.7,2.0,18.0,9.0,0,0,2,0.52,3.3800000000000003,0.2800000000000001,3.18,0.48333333333333334,1
2022,1,3.18,3.29,3.7,2.0,18.0,9.0,0,0,2,0.52,3.3900000000000006,0.27404379212089447,3.18,0.48333333333333334,1
2022,1,3.18,3.22,3.7,2.0,18.0,9.0,0,0,2,0.52,3.366666666666667,0.2893671255228094,3.18,0.48333333333333334,1
2022,1,3.18,3.28,3.91,2.0,18.0,9.0,0,0,1,0.73,3.456666666666667,0.39576929306520664,3.18,0.48333333333333334,1
2022,1,3.18,3.26,3.83,2.0,18.0,9.0,0,0,1,0.6499999999999999,3.4233333333333333,0.35444792753426185,3.18,0.48333333333333334,1
2022,1,3.18,3.26,3.83,2.0,18.0,9.0,0,0,1,0.6499999999999999,3.4233333333333333,0.35444792753426185,3.18,0.48333333333333334,1
2022,1,3.18,3.26,3.91,2.0,18.0,9.0,0,0,1,0.73,3.4499999999999997,0.40037482438335215,3.18,0.48333333333333334,1
2022,1,3.18,3.28,3.91,2.0,18.0,9.0,0,0,1,0.73,3.456666666666667,0.39576929306520664,3.18,0.48333333333333334,1
2022,1,3.18,3.25,3.83,2.0,18.0,9.0,0,0,1,0.6499999999999999,3.42,0.35679125549822543,3.18,0.48333333333333334,1
2022,1,3.18,3.23,3.83,2.0,18.0,9.0,0,0,1,0.6499999999999999,3.4133333333333336,0.36170890690351176,3.18,0.48333333333333334,1
2022,1,3.18,3.3,3.83,2.0,18.0,9.0,0,0,1,0.6499999999999999,3.436666666666667,0.3458805188693537,3.18,0.48333333333333334,1
2022,1,3.18,3.32,4.0,2.0,18.0,9.0,0,0,1,0.8199999999999998,3.5,0.4386342439892261,3.18,0.48333333333333334,1
2022,1,3.18,3.17,4.0,2.0,18.0,9.0,0,0,1,0.8199999999999998,3.4499999999999997,0.47634021455258213,3.17,0.48333333333333334,1
2022,1,3.18,3.28,3.83,2.0,18.0,9.0,0,0,1,0.6499999999999999,3.4299999999999997,0.35000000000000003,3.18,0.48333333333333334,1
2022,1,3.18,3.24,3.91,2.0,18.0,9.0,0,0,1,0.73,3.4433333333333334,0.40525712002793157,3.18,0.48333333333333334,1
2022,1,3.18,3.21,3.91,2.0,18.0,9.0,0,0,1,0.73,3.4333333333333336,0.4130778780488412,3.18,0.48333333333333334,1
2022,1,3.18,3.28,3.83,2.0,18.0,9.0,0,0,1,0.6499999999999999,3.4299999999999997,0.35000000000000003,3.18,0.48333333333333334,1
2022,1,3.18,3.25,3.83,2.0,18.0,9.0,0,0,1,0.6499999999999999,3.42,0.35679125549822543,3.18,0.48333333333333334,1
2022,1,3.18,3.23,3.91,2.0,18.0,9.0,0,0,1,0.73,3.44,0.40779897008207366,3.18,0.48333333333333334,1
2022,1,3.18,3.26,3.91,2.0,18.0,9.0,0,0,2,0.73,3.4499999999999997,0.40037482438335215,3.18,0.48333333333333334,1
2022,1,3.18,3.17,3.83,2.0,18.0,9.0,0,0,1,0.6499999999999999,3.393333333333333,0.3781974792794544,3.17,0.48333333333333334,1
2022,1,3.18,3.28,3.78,2.0,18.0,9.0,0,0,1,0.5999999999999996,3.4133333333333336,0.3214550253664317,3.18,0.48333333333333334,1
2022,1,3.18,3.21,3.91,2.0,18.0,9.0,0,0,1,0.73,3.4333333333333336,0.4130778780488412,3.18,0.48333333333333334,1
2022,1,3.18,3.23,3.91,2.0,18.0,9.0,0,0,1,0.73,3.44,0.40779897008207366,3.18,0.48333333333333334,1
2022,1,3.18,3.17,3.91,2.0,18.0,9.0,0,0,1,0.73,3.42,0.42438190347845894,3.17,0.48333333333333334,1
2022,1,3.18,3.23,4.0,2.0,18.0,9.0,0,0,1,0.8199999999999998,3.47,0.4596737973824481,3.18,0.48333333333333334,1
2022,1,3.18,3.27,3.7,2.0,18.0,9.0,0,0,1,0.52,3.3833333333333333,0.2779088579612628,3.18,0.48333333333333334,1
2022,1,3.18,3.25,3.78,2.0,18.0,9.0,0,0,1,0.5999999999999996,3.403333333333333,0.328075194632775,3.18,0.48333333333333334,1
2022,1,3.18,3.3,3.91,2.0,18.0,9.0,0,0,1,0.73,3.4633333333333334,0.39145029484384525,3.18,0.48333333333333334,1
2022,1,3.18,3.28,3.91,2.0,18.0,9.0,0,0,1,0.73,3.456666666666667,0.39576929306520664,3.18,0.48333333333333334,1
2022,1,3.18,3.28,3.91,2.0,18.0,9.0,0,0,1,0.73,3.456666666666667,0.39576929306520664,3.18,0.48333333333333334,1
2022,1,3.18,3.27,3.91,2.0,18.0,9.0,0,0,1,0.73,3.453333333333333,0.39803684921541294,3.18,0.48333333333333334,1
2022,1,3.18,3.25,4.0,2.0,18.0,9.0,0,0,1,0.8199999999999998,3.4766666666666666,0.454569393309023,3.18,0.48333333333333334,1
2022,1,3.18,3.25,3.91,2.0,18.0,9.0,0,0,1,0.73,3.4466666666666668,0.402781992315115,3.18,0.48333333333333334,1
2022,1,3.18,3.33,3.91,2.0,18.0,9.0,0,0,1,0.73,3.473333333333333,0.38552993831002713,3.18,0.48333333333333334,1
2022,1,3.18,3.26,3.83,2.0,18.0,9.0,0,0,1,0.6499999999999999,3.4233333333333333,0.35444792753426185,3.18,0.48333333333333334,1
2022,1,3.18,3.2,3.7,2.0,18.0,9.0,0,0,1,0.52,3.3600000000000008,0.2946183972531247,3.18,0.48333333333333334,1
2022,1,3.18,3.23,3.83,2.0,18.0,9.0,0,0,1,0.6499999999999999,3.4133333333333336,0.36170890690351176,3.18,0.48333333333333334,1
2022,1,3.18,3.28,3.91,2.0,18.0,9.0,0,0,1,0.73,3.456666666666667,0.39576929306520664,3.18,0.48333333333333334,1
2022,1,3.18,3.32,3.91,2.0,18.0,9.0,0,0,1,0.73,3.47,0.3874274125562104,3.18,0.48333333333333334,1
2022,1,3.18,3.25,3.83,2.0,18.0,9.0,0,0,1,0.6499999999999999,3.42,0.35679125549822543,3.18,0.48333333333333334,1
2022,1,3.18,3.26,3.91,2.0,18.0,9.0,0,0,1,0.73,3.4499999999999997,0.40037482438335215,3.18,0.48333333333333334,1
2022,1,3.18,3.25,3.65,2.0,18.0,9.0,0,0,2,0.46999999999999975,3.36,0.2535744466621192,3.18,0.48333333333333334,1
2022,1,3.18,3.34,3.78,2.0,18.0,9.0,0,0,2,0.5999999999999996,3.433333333333333,0.310698138606161,3.18,0.48333333333333334,1
2022,1,3.18,3.27,3.52,2.0,18.0,9.0,0,0,2,0.33999999999999986,3.3233333333333337,0.17616280348965077,3.18,0.48333333333333334,1
2022,1,3.18,3.26,3.78,2.0,18.0,9.0,0,0,2,0.5999999999999996,3.4066666666666663,0.32578111260988296,3.18,0.48333333333333334,1
2022,1,3.18,3.18,3.7,2.0,18.0,9.0,0,0,2,0.52,3.3533333333333335,0.3002221399786054,3.18,0.48333333333333334,1
2022,1,3.18,3.23,3.78,2.0,18.0,9.0,0,0,2,0.5999999999999996,3.3966666666666665,0.3329164059239695,3.18,0.48333333333333334,1
2022,1,3.18,3.28,3.57,2.0,18.0,9.0,0,0,2,0.3899999999999997,3.3433333333333333,0.2025668613898465,3.18,0.48333333333333334,1
2022,1,3.18,3.27,3.61,2.0,18.0,9.0,0,0,1,0.4299999999999997,3.3533333333333335,0.2267891825756539,3.18,0.48333333333333334,1
2022,1,3.18,3.24,3.61,2.0,18.0,9.0,0,0,1,0.4299999999999997,3.3433333333333333,0.23288051299611406,3.18,0.48333333333333334,1
2022,1,3.18,3.22,3.61,2.0,18.0,9.0,0,0,1,0.4299999999999997,3.3366666666666664,0.23755701070129093,3.18,0.48333333333333334,1
2022,1,3.18,3.25,3.61,2.0,18.0,9.0,0,0,1,0.4299999999999997,3.3466666666666662,0.23072349974229603,3.18,0.48333333333333334,1
2022,1,3.18,3.22,3.61,2.0,18.0,9.0,0,0,1,0.4299999999999997,3.3366666666666664,0.23755701070129093,3.18,0.48333333333333334,1
2022,1,3.18,3.22,3.61,2.0,18.0,9.0,0,0,1,0.4299999999999997,3.3366666666666664,0.23755701070129093,3.18,0.48333333333333334,1
2022,1,3.18,3.24,3.7,2.0,18.0,9.0,0,0,1,0.52,3.3733333333333335,0.28448784391135823,3.18,0.48333333333333334,1
2022,1,3.18,3.27,3.7,2.0,18.0,9.0,0,0,1,0.52,3.3833333333333333,0.2779088579612628,3.18,0.48333333333333334,1
2022,1,3.18,3.28,3.61,2.0,18.0,9.0,0,0,1,0.4299999999999997,3.356666666666667,0.2250185177565022,3.18,0.48333333333333334,1
2022,1,3.18,3.24,3.61,2.0,18.0,9.0,0,0,1,0.4299999999999997,3.3433333333333333,0.23288051299611406,3.18,0.48333333333333334,1
2022,1,3.18,3.22,3.7,2.0,18.0,9.0,0,0,1,0.52,3.366666666666667,0.2893671255228094,3.18,0.48333333333333334,1
2022,1,3.18,3.24,3.7,2.0,18.0,9.0,0,0,1,0.52,3.3733333333333335,0.28448784391135823,3.18,0.48333333333333334,1
2022,1,3.18,3.24,3.7,2.0,18.0,9.0,0,0,1,0.52,3.3733333333333335,0.28448784391135823,3.18,0.48333333333333334,1
2022,1,3.18,3.27,3.61,2.0,18.0,9.0,0,0,1,0.4299999999999997,3.3533333333333335,0.2267891825756539,3.18,0.48333333333333334,1
2022,1,3.18,3.22,3.61,2.0,18.0,9.0,0,0,1,0.4299999999999997,3.3366666666666664,0.23755701070129093,3.18,0.48333333333333334,1
2022,1,3.18,3.27,3.61,2.0,18.0,9.0,0,0,1,0.4299999999999997,3.3533333333333335,0.2267891825756539,3.18,0.48333333333333334,1
2022,1,3.18,3.25,3.61,2.0,18.0,9.0,0,0,1,0.4299999999999997,3.3466666666666662,0.23072349974229603,3.18,0.48333333333333334,1
2022,1,3.18,3.22,3.61,2.0,18.0,9.0,0,0,1,0.4299999999999997,3.3366666666666664,0.23755701070129093,3.18,0.48333333333333334,1
2022,1,3.18,3.24,3.7,2.0,18.0,9.0,0,0,1,0.52,3.3733333333333335,0.28448784391135823,3.18,0.48333333333333334,1
2022,1,3.18,3.2,3.7,2.0,18.0,9.0,0,0,1,0.52,3.3600000000000008,0.2946183972531247,3.18,0.48333333333333334,1
2022,1,3.18,3.22,3.7,2.0,18.0,9.0,0,0,1,0.52,3.366666666666667,0.2893671255228094,3.18,0.48333333333333334,1
2022,1,3.18,3.24,3.78,2.0,18.0,9.0,0,0,1,0.5999999999999996,3.4,0.3304542328371659,3.18,0.48333333333333334,1
2022,1,3.18,3.22,3.61,2.0,18.0,9.0,0,0,1,0.4299999999999997,3.3366666666666664,0.23755701070129093,3.18,0.48333333333333334,1
2022,1,3.18,3.25,3.7,2.0,18.0,9.0,0,0,1,0.52,3.3766666666666665,0.2821937868439583,3.18,0.48333333333333334,1
2022,1,3.18,3.26,3.7,2.0,18.0,9.0,0,0,1,0.52,3.3800000000000003,0.2800000000000001,3.18,0.48333333333333334,1
2022,1,3.18,3.25,3.61,2.0,18.0,9.0,0,0,1,0.4299999999999997,3.3466666666666662,0.23072349974229603,3.18,0.48333333333333334,1
2022,1,3.18,3.22,3.78,2.0,18.0,9.0,0,0,1,0.5999999999999996,3.393333333333333,0.3354598833442431,3.18,0.48333333333333334,1
2022,1,3.18,3.27,3.78,2.0,18.0,9.0,0,0,1,0.5999999999999996,3.41,0.3235737937472685,3.18,0.48333333333333334,1
2022,1,3.18,3.18,3.61,2.0,18.0,9.0,0,0,1,0.4299999999999997,3.3233333333333337,0.2482606157515389,3.18,0.48333333333333334,1
2022,1,3.18,3.27,3.61,2.0,18.0,9.0,0,0,1,0.4299999999999997,3.3533333333333335,0.2267891825756539,3.18,0.48333333333333334,1
2022,1,3.18,3.24,3.61,2.0,18.0,9.0,0,0,1,0.4299999999999997,3.3433333333333333,0.23288051299611406,3.18,0.48333333333333334,1
2022,1,3.18,3.22,3.7,2.0,18.0,9.0,0,0,1,0.52,3.366666666666667,0.2893671255228094,3.18,0.48333333333333334,1
2022,1,3.18,3.25,3.7,2.0,18.0,9.0,0,0,1,0.52,3.3766666666666665,0.2821937868439583,3.18,0.48333333333333334,1
2022,1,3.18,3.25,3.61,2.0,18.0,9.0,0,0,1,0.4299999999999997,3.3466666666666662,0.23072349974229603,3.18,0.48333333333333334,1
2022,1,3.18,3.29,3.61,2.0,18.0,9.0,0,0,1,0.4299999999999997,3.36,0.22338307903688662,3.18,0.48333333333333334,1
2022,1,3.18,3.27,3.7,2.0,18.0,9.0,0,0,1,0.52,3.3833333333333333,0.2779088579612628,3.18,0.48333333333333334,1
2022,1,3.18,3.22,3.61,2.0,18.0,9.0,0,0,1,0.4299999999999997,3.3366666666666664,0.23755701070129093,3.18,0.48333333333333334,1
2022,1,3.18,3.27,3.7,2.0,18.0,9.0,0,0,1,0.52,3.3833333333333333,0.2779088579612628,3.18,0.48333333333333334,1
2022,1,3.18,3.25,3.7,2.0,18.0,9.0,0,0,1,0.52,3.3766666666666665,0.2821937868439583,3.18,0.48333333333333334,1
2022,1,3.18,3.25,3.78,2.0,18.0,9.0,0,0,1,0.5999999999999996,3.403333333333333,0.328075194632775,3.18,0.48333333333333334,1
2022,1,3.18,3.25,3.7,2.0,18.0,9.0,0,0,1,0.52,3.3766666666666665,0.2821937868439583,3.18,0.48333333333333334,1
2022,1,3.18,3.25,3.7,2.0,18.0,9.0,0,0,1,0.52,3.3766666666666665,0.2821937868439583,3.18,0.48333333333333334,1
2022,1,3.18,3.28,3.83,2.0,18.0,9.0,0,0,1,0.6499999999999999,3.4299999999999997,0.35000000000000003,3.18,0.48333333333333334,1
2022,1,3.18,3.23,3.91,2.0,18.0,9.0,0,0,1,0.73,3.44,0.40779897008207366,3.18,0.48333333333333334,1
2022,1,3.18,3.25,3.83,2.0,18.0,9.0,0,0,1,0.6499999999999999,3.42,0.35679125549822543,3.18,0.48333333333333334,1
2022,1,3.18,3.28,3.91,2.0,18.0,9.0,0,0,1,0.73,3.456666666666667,0.39576929306520664,3.18,0.48333333333333334,1
2022,1,3.18,3.25,3.91,2.0,18.0,9.0,0,0,1,0.73,3.4466666666666668,0.402781992315115,3.18,0.48333333333333334,1
2022,1,3.18,3.23,3.83,2.0,18.0,9.0,0,0,1,0.6499999999999999,3.4133333333333336,0.36170890690351176,3.18,0.48333333333333334,1
2022,1,3.18,3.26,3.91,2.0,18.0,9.0,0,0,1,0.73,3.4499999999999997,0.40037482438335215,3.18,0.48333333333333334,1
2022,1,3.18,3.25,3.83,2.0,18.0,9.0,0,0,1,0.6499999999999999,3.42,0.35679125549822543,3.18,0.48333333333333334,1
2022,1,3.18,3.32,3.91,2.0,18.0,9.0,0,0,1,0.73,3.47,0.3874274125562104,3.18,0.48333333333333334,1
2022,1,3.18,3.25,3.91,2.0,18.0,9.0,0,0,1,0.73,3.4466666666666668,0.402781992315115,3.18,0.48333333333333334,1
2022,1,3.18,3.25,3.78,2.0,18.0,9.0,0,0,1,0.5999999999999996,3.403333333333333,0.328075194632775,3.18,0.48333333333333334,1
2022,1,3.18,3.23,3.83,2.0,18.0,9.0,0,0,1,0.6499999999999999,3.4133333333333336,0.36170890690351176,3.18,0.48333333333333334,1
2022,1,3.18,3.26,3.78,2.0,18.0,9.0,0,0,1,0.5999999999999996,3.4066666666666663,0.32578111260988296,3.18,0.48333333333333334,1
2022,1,3.18,3.26,3.91,2.0,18.0,9.0,0,0,1,0.73,3.4499999999999997,0.40037482438335215,3.18,0.48333333333333334,1
2022,1,3.18,3.23,3.78,2.0,18.0,9.0,0,0,1,0.5999999999999996,3.3966666666666665,0.3329164059239695,3.18,0.48333333333333334,1
2022,1,3.18,3.26,3.7,2.0,18.0,9.0,0,0,1,0.52,3.3800000000000003,0.2800000000000001,3.18,0.48333333333333334,1
2022,1,3.18,3.21,3.83,2.0,18.0,9.0,0,0,1,0.6499999999999999,3.4066666666666667,0.3669241520169166,3.18,0.48333333333333334,1
2022,1,3.18,3.23,3.83,2.0,18.0,9.0,0,0,1,0.6499999999999999,3.4133333333333336,0.36170890690351176,3.18,0.48333333333333334,1
2022,1,3.18,3.23,3.83,2.0,18.0,9.0,0,0,1,0.6499999999999999,3.4133333333333336,0.36170890690351176,3.18,0.48333333333333334,1
2022,1,3.18,3.32,3.83,2.0,18.0,9.0,0,0,1,0.6499999999999999,3.4433333333333334,0.34210134950527943,3.18,0.48333333333333334,1
2022,1,3.18,3.32,3.83,2.0,18.0,9.0,0,0,1,0.6499999999999999,3.4433333333333334,0.34210134950527943,3.18,0.48333333333333334,1
2022,1,3.18,3.32,3.83,2.0,18.0,9.0,0,0,1,0.6499999999999999,3.4433333333333334,0.34210134950527943,3.18,0.48333333333333334,1
2022,1,3.18,3.23,3.83,2.0,18.0,9.0,0,0,1,0.6499999999999999,3.4133333333333336,0.36170890690351176,3.18,0.48333333333333334,1
2022,1,3.18,3.26,3.83,2.0,18.0,9.0,0,0,1,0.6499999999999999,3.4233333333333333,0.35444792753426185,3.18,0.48333333333333334,1
2022,1,3.18,3.23,3.83,2.0,18.0,9.0,0,0,1,0.6499999999999999,3.4133333333333336,0.36170890690351176,3.18,0.48333333333333334,1
2022,1,3.18,3.3,3.78,2.0,18.0,9.0,0,0,1,0.5999999999999996,3.42,0.31749015732775077,3.18,0.48333333333333334,1
2022,1,3.18,3.22,3.78,2.0,18.0,9.0,0,0,1,0.5999999999999996,3.393333333333333,0.3354598833442431,3.18,0.48333333333333334,1
2022,1,3.18,3.3,3.7,2.0,18.0,9.0,0,0,1,0.52,3.393333333333333,0.2722743714221619,3.18,0.48333333333333334,1
2022,1,3.18,3.23,3.83,2.0,18.0,9.0,0,0,1,0.6499999999999999,3.4133333333333336,0.36170890690351176,3.18,0.48333333333333334,1
2022,1,3.18,3.21,3.83,2.0,18.0,9.0,0,0,1,0.6499999999999999,3.4066666666666667,0.3669241520169166,3.18,0.48333333333333334,1
2022,1,3.18,3.25,3.91,2.0,18.0,9.0,0,0,1,0.73,3.4466666666666668,0.402781992315115,3.18,0.48333333333333334,1
2022,1,3.18,3.25,3.83,2.0,18.0,9.0,0,0,1,0.6499999999999999,3.42,0.35679125549822543,3.18,0.48333333333333334,1
2022,1,3.18,3.23,3.83,2.0,18.0,9.0,0,0,1,0.6499999999999999,3.4133333333333336,0.36170890690351176,3.18,0.48333333333333334,1
2022,1,3.18,3.21,3.83,2.0,18.0,9.0,0,0,1,0.6499999999999999,3.4066666666666667,0.3669241520169166,3.18,0.48333333333333334,1
2022,1,3.18,3.28,3.83,2.0,18.0,9.0,0,0,1,0.6499999999999999,3.4299999999999997,0.35000000000000003,3.18,0.48333333333333334,1
2022,1,3.18,3.23,3.91,2.0,18.0,9.0,0,0,1,0.73,3.44,0.40779897008207366,3.18,0.48333333333333334,1
2022,1,3.18,3.26,3.83,2.0,18.0,9.0,0,0,1,0.6499999999999999,3.4233333333333333,0.35444792753426185,3.18,0.48333333333333334,1
2022,1,3.18,3.23,3.83,2.0,18.0,9.0,0,0,1,0.6499999999999999,3.4133333333333336,0.36170890690351176,3.18,0.48333333333333334,1
2022,1,1.5,3.0,3.67,24.0,21.0,18.0,18,4,0,2.17,2.723333333333333,1.111140555165427,1.5,1.05,0
2022,1,1.33,3.0,3.67,24.0,21.0,18.0,18,4,0,2.34,2.6666666666666665,1.2050864422660033,1.33,1.05,0
2022,1,2.54,3.1,3.67,24.0,21.0,18.0,15,1,0,1.13,3.1033333333333335,0.5650073745831405,2.54,1.05,0
2022,1,3.27,4.0,3.67,14.0,4.0,2.0,1,1,0,0.3999999999999999,3.6466666666666665,0.36555893277737495,3.27,0.3333333333333333,1
2022,1,3.45,3.67,4.0,14.0,4.0,2.0,0,0,0,0.5499999999999998,3.706666666666667,0.2768272626265941,3.45,0.3333333333333333,1
2022,1,3.17,3.67,3.67,14.0,4.0,2.0,0,0,0,0.5,3.5033333333333334,0.2886751345948129,3.17,0.3333333333333333,1
2022,1,3.21,3.67,4.0,14.0,4.0,2.0,0,0,0,0.79,3.6266666666666665,0.3967786956646404,3.21,0.3333333333333333,1
2022,1,3.07,3.0,3.67,14.0,3.0,2.0,0,0,0,0.6000000000000001,3.2466666666666666,0.368284310463171,3.0,0.31666666666666665,1
2022,1,3.01,3.77,3.7,14.0,9.0,9.0,2,0,0,0.6900000000000004,3.4933333333333336,0.42003968066521225,3.01,0.5333333333333333,1
2022,0,2.85,2.0,2.05,20.0,21.0,22.0,9,0,0,-0.8000000000000003,2.3,0.47696960070847294,2.0,1.05,0
2022,0,3.1,2.48,3.36,20.0,21.0,22.0,2,0,0,0.2599999999999998,2.98,0.4521061822182926,2.48,1.05,0
2023,1,3.1,3.16,4.0,20.0,19.0,18.0,0,0,0,0.8999999999999999,3.42,0.5031898250163649,3.1,0.95,0
2023,1,3.1,3.0,4.0,20.0,19.0,18.0,0,0,0,0.8999999999999999,3.3666666666666667,0.5507570547286103,3.0,0.95,0
2023,1,3.1,3.16,4.0,20.0,19.0,18.0,0,0,0,0.8999999999999999,3.42,0.5031898250163649,3.1,0.95,0
2023,1,3.2,3.0,4.0,20.0,19.0,18.0,0,0,0,0.7999999999999998,3.4,0.529150262212918,3.0,0.95,0
2023,1,3.2,3.0,4.0,20.0,19.0,18.0,0,0,0,0.7999999999999998,3.4,0.529150262212918,3.0,0.95,0
2023,1,3.1,3.16,4.0,20.0,19.0,18.0,0,0,0,0.8999999999999999,3.42,0.5031898250163649,3.1,0.95,0
2023,1,3.1,3.16,4.0,20.0,19.0,18.0,0,0,0,0.8999999999999999,3.42,0.5031898250163649,3.1,0.95,0
2023,1,3.2,3.0,4.0,20.0,19.0,18.0,0,0,0,0.7999999999999998,3.4,0.529150262212918,3.0,0.95,0
2023,1,3.1,3.0,4.0,20.0,19.0,18.0,0,0,0,0.8999999999999999,3.3666666666666667,0.5507570547286103,3.0,0.95,0
2023,1,3.2,3.0,4.0,20.0,19.0,18.0,0,0,0,0.7999999999999998,3.4,0.529150262212918,3.0,0.95,0
2023,1,3.2,3.0,4.0,20.0,19.0,18.0,0,0,0,0.7999999999999998,3.4,0.529150262212918,3.0,0.95,0
2023,1,3.1,3.0,4.0,20.0,19.0,18.0,0,0,0,0.8999999999999999,3.3666666666666667,0.5507570547286103,3.0,0.95,0
2023,1,3.1,3.0,4.0,20.0,19.0,18.0,0,0,0,0.8999999999999999,3.3666666666666667,0.5507570547286103,3.0,0.95,0
2023,1,3.2,3.0,4.0,20.0,19.0,18.0,0,0,0,0.7999999999999998,3.4,0.529150262212918,3.0,0.95,0
2023,1,3.1,3.16,4.0,20.0,19.0,18.0,0,0,0,0.8999999999999999,3.42,0.5031898250163649,3.1,0.95,0
2023,1,3.1,3.0,4.0,20.0,19.0,18.0,0,0,0,0.8999999999999999,3.3666666666666667,0.5507570547286103,3.0,0.95,0
2023,1,3.1,3.16,4.0,20.0,19.0,18.0,0,0,0,0.8999999999999999,3.42,0.5031898250163649,3.1,0.95,0
2023,1,3.1,3.16,4.0,20.0,19.0,18.0,0,0,0,0.8999999999999999,3.42,0.5031898250163649,3.1,0.95,0
2023,1,3.1,3.0,4.0,20.0,19.0,18.0,0,0,0,0.8999999999999999,3.3666666666666667,0.5507570547286103,3.0,0.95,0
2023,1,3.1,3.0,4.0,20.0,19.0,18.0,0,0,0,0.8999999999999999,3.3666666666666667,0.5507570547286103,3.0,0.95,0
2023,1,3.1,3.0,4.0,20.0,19.0,18.0,0,0,0,0.8999999999999999,3.3666666666666667,0.5507570547286103,3.0,0.95,0
2023,1,3.2,3.16,3.67,20.0,19.0,18.0,0,0,0,0.46999999999999975,3.3433333333333337,0.2836077102854103,3.16,0.95,0
2023,1,3.0,3.0,3.67,20.0,19.0,18.0,0,0,0,0.6699999999999999,3.223333333333333,0.3868246803570492,3.0,0.95,0
2023,1,3.35,3.0,3.67,20.0,19.0,18.0,0,0,0,0.31999999999999984,3.34,0.3351119216023208,3.0,0.95,0
2023,1,3.1,3.0,3.67,20.0,19.0,18.0,0,0,0,0.5699999999999998,3.2566666666666664,0.3614323357605588,3.0,0.95,0
2023,1,3.0,3.16,3.67,20.0,19.0,18.0,0,0,0,0.6699999999999999,3.276666666666667,0.3499047489436708,3.0,0.95,0
2023,1,3.0,3.16,3.67,20.0,19.0,18.0,0,0,0,0.6699999999999999,3.276666666666667,0.3499047489436708,3.0,0.95,0
2023,1,3.15,3.16,3.67,20.0,19.0,18.0,0,0,0,0.52,3.3266666666666667,0.2973774257292125,3.15,0.95,0
2023,1,3.0,2.68,3.67,20.0,19.0,18.0,1,0,0,0.6699999999999999,3.1166666666666667,0.505206228517952,2.68,0.95,0
2023,1,3.1,3.0,3.67,20.0,19.0,18.0,0,0,0,0.5699999999999998,3.2566666666666664,0.3614323357605588,3.0,0.95,0
2023,1,3.0,3.0,3.67,20.0,19.0,18.0,0,0,0,0.6699999999999999,3.223333333333333,0.3868246803570492,3.0,0.95,0
2023,1,3.35,3.0,3.67,20.0,19.0,18.0,0,0,0,0.31999999999999984,3.34,0.3351119216023208,3.0,0.95,0
2023,1,3.0,3.0,3.67,20.0,19.0,18.0,0,0,0,0.6699999999999999,3.223333333333333,0.3868246803570492,3.0,0.95,0
2023,1,3.15,3.0,3.67,20.0,19.0,18.0,0,0,0,0.52,3.2733333333333334,0.3516153201061258,3.0,0.95,0
2023,1,3.2,3.16,3.67,20.0,19.0,18.0,0,0,0,0.46999999999999975,3.3433333333333337,0.2836077102854103,3.16,0.95,0
2023,1,3.0,3.16,3.67,20.0,19.0,18.0,0,0,0,0.6699999999999999,3.276666666666667,0.3499047489436708,3.0,0.95,0
2023,1,3.33,3.0,2.5,14.0,3.0,7.0,1,0,1,-0.8300000000000001,2.9433333333333334,0.4178915329763614,2.5,0.4,1
2023,1,3.35,3.25,1.33,20.0,21.0,18.0,9,0,0,-2.02,2.643333333333333,1.1384785168519136,1.33,0.9833333333333333,0
2023,1,3.65,3.62,1.33,20.0,21.0,18.0,4,0,0,-2.32,2.8666666666666667,1.3308769038995805,1.33,0.9833333333333333,0
2023,1,3.15,0.67,3.33,20.0,21.0,18.0,9,0,0,0.18000000000000016,2.3833333333333333,1.4865171823202492,0.67,0.9833333333333333,0
2023,1,3.0,3.25,3.67,20.0,21.0,18.0,6,1,0,0.6699999999999999,3.3066666666666666,0.3385754470326124,3.0,0.9833333333333333,0
2023,1,1.3,0.57,3.17,20.0,21.0,18.0,14,5,0,1.8699999999999999,1.68,1.3410070842467612,0.57,0.9833333333333333,0
2023,1,3.65,0.62,3.83,20.0,21.0,18.0,7,0,0,0.18000000000000016,2.6999999999999997,1.8035797736723487,0.62,0.9833333333333333,0
2023,1,3.55,3.57,3.33,20.0,21.0,18.0,1,0,0,-0.21999999999999975,3.483333333333333,0.1331665623695877,3.33,0.9833333333333333,0
2023,1,1.7,0.57,3.67,20.0,21.0,18.0,12,4,0,1.97,1.9799999999999998,1.568853084262513,0.57,0.9833333333333333,0
2023,1,1.7,0.57,3.67,20.0,21.0,18.0,12,4,0,1.97,1.9799999999999998,1.568853084262513,0.57,0.9833333333333333,0
2023,1,2.05,0.57,3.67,20.0,21.0,18.0,11,3,0,1.62,2.0966666666666662,1.5505267922010677,0.57,0.9833333333333333,0
2023,1,2.05,1.95,4.0,20.0,21.0,18.0,7,3,0,1.9500000000000002,2.6666666666666665,1.1557825631723873,1.95,0.9833333333333333,0
2023,1,3.05,0.86,1.33,20.0,21.0,18.0,9,1,0,-1.7199999999999998,1.7466666666666668,1.1529238193971592,0.86,0.9833333333333333,0
2023,1,3.65,3.76,1.33,20.0,21.0,18.0,4,0,0,-2.32,2.9133333333333336,1.3723094889030438,1.33,0.9833333333333333,0
2019,1,3.18,3.0,3.32,14.0,18.0,19.0,0,0,0,0.13999999999999968,3.1666666666666665,0.16041612554021278,3.0,0.85,1
2019,1,3.18,3.0,3.58,14.0,18.0,19.0,0,0,0,0.3999999999999999,3.2533333333333334,0.2968725877094976,3.0,0.85,1
2019,1,3.18,3.67,3.68,14.0,18.0,19.0,0,0,0,0.5,3.51,0.28583211855912893,3.18,0.85,1
2019,1,3.18,3.5,3.68,14.0,18.0,19.0,0,0,0,0.5,3.453333333333333,0.2532455988429677,3.18,0.85,1
2019,1,3.18,3.5,3.58,14.0,18.0,19.0,0,0,0,0.3999999999999999,3.42,0.2116601048851672,3.18,0.85,1
2019,1,3.18,3.17,3.68,14.0,18.0,19.0,0,0,0,0.5,3.3433333333333333,0.29160475533388236,3.17,0.85,1
2019,1,3.18,3.33,3.37,14.0,18.0,19.0,1,0,0,0.18999999999999995,3.293333333333333,0.1001665280087781,3.18,0.85,1
2019,1,3.18,3.67,3.79,14.0,18.0,19.0,0,0,0,0.6099999999999999,3.546666666666667,0.3231614663497696,3.18,0.85,1
2019,1,3.18,3.5,3.68,14.0,18.0,19.0,0,0,0,0.5,3.453333333333333,0.2532455988429677,3.18,0.85,1
2019,1,3.18,3.17,3.16,14.0,18.0,19.0,0,0,0,-0.020000000000000018,3.17,0.010000000000000009,3.16,0.85,1
2019,1,3.18,3.17,3.37,14.0,18.0,19.0,0,0,0,0.18999999999999995,3.2399999999999998,0.11269427669584649,3.17,0.85,1
2019,1,3.18,3.5,3.89,14.0,18.0,19.0,0,0,0,0.71,3.5233333333333334,0.3555746522649405,3.18,0.85,1
2019,1,3.18,3.33,3.58,14.0,18.0,19.0,0,0,0,0.3999999999999999,3.3633333333333333,0.20207259421636897,3.18,0.85,1
2019,1,3.18,3.83,3.89,14.0,18.0,19.0,0,0,0,0.71,3.6333333333333333,0.393742724800514,3.18,0.85,1
2019,1,3.18,3.5,3.47,14.0,18.0,19.0,0,0,0,0.29000000000000004,3.3833333333333333,0.17672954855748746,3.18,0.85,1
2019,1,3.18,3.83,4.0,14.0,18.0,19.0,0,0,0,0.8199999999999998,3.67,0.43278170016764794,3.18,0.85,1
2019,1,3.18,3.33,3.68,14.0,18.0,19.0,0,0,0,0.5,3.3966666666666665,0.2565800719723442,3.18,0.85,1
2019,1,3.18,3.5,3.58,14.0,18.0,19.0,0,0,0,0.3999999999999999,3.42,0.2116601048851672,3.18,0.85,1
2019,1,3.18,3.83,3.89,14.0,18.0,19.0,0,0,0,0.71,3.6333333333333333,0.393742724800514,3.18,0.85,1
2019,1,3.18,3.33,2.68,14.0,18.0,19.0,2,0,0,-0.5,3.063333333333333,0.3403429642777023,2.68,0.85,1
2019,1,3.18,2.67,2.11,14.0,18.0,19.0,3,0,0,-1.0700000000000003,2.653333333333333,0.5351946686331371,2.11,0.85,1
2019,1,3.18,3.5,3.68,14.0,18.0,19.0,0,0,0,0.5,3.453333333333333,0.2532455988429677,3.18,0.85,1
2019,1,3.18,3.17,3.11,14.0,18.0,19.0,1,0,0,-0.07000000000000028,3.153333333333333,0.03785938897200194,3.11,0.85,1
