student_id,angkatan,program,jenis_kelamin,id_agama,ips_sem1,ips_sem2,ips_sem3,ips_sem4,ipk_sem4,sks_sem1,sks_sem2,sks_sem3,sks_sem4,total_sks_lulus_sem4,failed_courses,failed_in_sem1,repeated_courses,avg_attendance,ips_trend,avg_ips,ips_std,ips_max,ips_min,sks_completion_ratio,semester_count,target
207421001,2020,IH,P,2,2.9,3.43,3.17,3.63,3.2800000000000002,20,21,18,19,78,1,1,0,83.67,0.73,3.2825,0.317,3.63,2.9,0.975,8,1
207421003,2020,IH,P,1,3.45,3.43,3.33,3.26,3.37,20,21,18,19,78,1,0,0,81.67,-0.19,3.3675,0.0888,3.45,3.26,0.975,8,1
207421004,2020,IH,L,1,3.1,3.33,3.33,3.37,3.2800000000000002,20,21,18,19,78,0,0,0,83.08,0.27,3.2825,0.1231,3.37,3.1,0.975,8,1
207421005,2020,IH,L,1,3.1,3.24,3.67,0.0,2.51,20,21,18,19,78,8,0,0,78.97,-3.1,2.5025,1.6859,3.67,0.0,0.975,4,0
207421006,2020,IH,L,1,3.2,3.43,3.33,3.63,3.4,20,21,18,19,78,0,0,0,82.09,0.43,3.3975,0.1814,3.63,3.2,0.975,4,0
207421008,2020,IH,L,1,3.15,3.43,3.0,3.42,3.26,20,21,18,19,78,0,0,0,80.93,0.27,3.25,0.2112,3.43,3.0,0.975,4,0
207421010,2020,IH,L,1,3.25,3.43,3.17,3.26,3.2800000000000002,20,21,18,19,78,0,0,0,83.19,0.01,3.2775,0.1094,3.43,3.17,0.975,8,1
207421011,2020,IH,P,1,3.45,3.38,3.67,3.74,3.55,20,21,18,19,78,0,0,0,83.78,0.29,3.56,0.1722,3.74,3.38,0.975,8,1
207421012,2020,IH,L,1,3.45,3.48,0.0,0.0,1.8199999999999998,20,21,18,19,78,14,0,0,82.43,-3.45,1.7325,2.0006,3.48,0.0,0.975,4,0
207422012,2020,IH,P,1,3.73,3.75,4.0,,3.74,131,8,6,,145,0,0,0,60.36,0.27,3.8267,0.1504,4.0,3.73,1.8125,3,1
207422013,2020,IH,P,1,3.44,3.5,4.0,,3.46,131,8,6,,145,0,0,0,59.76,0.56,3.6467,0.3075,4.0,3.44,1.8125,3,1
207422014,2020,IH,P,1,3.68,3.75,4.0,,3.7,131,8,6,,145,0,0,0,68.36,0.32,3.81,0.1682,4.0,3.68,1.8125,3,1
207422015,2020,IH,P,1,3.51,3.5,4.0,,3.5300000000000002,131,8,6,,145,0,0,0,55.03,0.49,3.67,0.2858,4.0,3.5,1.8125,3,1
207422016,2020,IH,P,1,3.16,3.46,3.2,,3.19,112,13,20,,145,0,0,0,83.24,0.04,3.2733,0.1629,3.46,3.16,1.8125,3,1
207422017,2020,IH,P,1,3.31,3.5,3.0,,3.31,131,8,6,,145,0,0,0,59.24,-0.31,3.27,0.2524,3.5,3.0,1.8125,3,1
207422018,2020,IH,P,1,3.71,3.5,4.0,,3.71,131,8,6,,145,0,0,0,68.69,0.29,3.7367,0.2511,4.0,3.5,1.8125,3,1
207422019,2020,IH,P,1,3.56,3.5,3.0,,3.5300000000000002,131,8,6,,145,0,0,0,61.29,-0.56,3.3533,0.3075,3.56,3.0,1.8125,3,1
207422020,2020,IH,P,2,3.38,3.5,4.0,,3.41,131,8,6,,145,0,0,0,66.65,0.62,3.6267,0.3288,4.0,3.38,1.8125,3,1
207422021,2020,IH,P,1,3.4,3.25,3.0,,3.38,131,8,6,,145,0,0,0,55.03,-0.4,3.2167,0.2021,3.4,3.0,1.8125,3,1
207422022,2020,IH,P,1,3.56,3.5,4.0,,3.57,131,8,6,,145,0,0,0,72.96,0.44,3.6867,0.273,4.0,3.5,1.8125,3,1
207422023,2020,IH,L,1,3.3,3.5,3.0,,3.3,131,8,6,,145,0,0,0,56.7,-0.3,3.2667,0.2517,3.5,3.0,1.8125,3,1
207422024,2020,IH,P,1,3.41,3.5,4.0,,3.44,131,8,6,,145,0,0,0,54.03,0.59,3.6367,0.3179,4.0,3.41,1.8125,3,1
207422025,2020,IH,L,1,3.39,3.5,4.0,,3.42,131,8,6,,145,0,0,0,66.74,0.61,3.63,0.3251,4.0,3.39,1.8125,3,1
207422026,2020,IH,L,1,3.29,3.25,3.0,,3.2800000000000002,131,8,6,,145,0,0,0,68.02,-0.29,3.18,0.1572,3.29,3.0,1.8125,3,1
207422027,2020,IH,L,1,3.46,3.5,4.0,,3.48,131,8,6,,145,0,0,0,60.32,0.54,3.6533,0.3009,4.0,3.46,1.8125,3,1
207422029,2020,IH,L,1,3.16,3.5,3.0,,3.17,131,8,6,,145,0,0,0,60.32,-0.16,3.22,0.2553,3.5,3.0,1.8125,3,1
207422030,2020,IH,P,2,3.49,3.5,3.0,,3.4699999999999998,131,8,6,,145,0,0,0,72.96,-0.49,3.33,0.2858,3.5,3.0,1.8125,3,1
207422031,2020,IH,P,1,3.31,3.75,4.0,,3.37,131,8,6,,145,0,0,0,67.24,0.69,3.6867,0.3493,4.0,3.31,1.8125,3,1
207422032,2020,IH,P,1,3.54,3.5,4.0,,3.56,131,8,6,,145,0,0,0,54.8,0.46,3.68,0.2778,4.0,3.5,1.8125,3,1
207422033,2020,IH,L,2,3.15,3.25,3.0,,3.15,131,8,6,,145,1,1,0,70.43,-0.15,3.1333,0.1258,3.25,3.0,1.8125,3,1
207422034,2020,IH,L,2,3.06,3.25,4.0,,3.11,131,8,6,,145,0,0,0,76.14,0.94,3.4367,0.497,4.0,3.06,1.8125,3,1
207422035,2020,IH,L,1,3.11,3.25,3.0,,3.12,131,8,6,,145,0,0,0,66.65,-0.11,3.12,0.1253,3.25,3.0,1.8125,3,1
207422036,2020,IH,L,1,3.07,3.25,3.0,,3.08,131,8,6,,145,0,0,0,56.4,-0.07,3.1067,0.129,3.25,3.0,1.8125,3,1
207422037,2020,IH,L,2,3.17,3.15,3.44,,3.2,114,13,18,,145,1,1,0,88.62,0.27,3.2533,0.162,3.44,3.15,1.8125,3,1
207441001,2020,AP,L,1,2.95,3.19,3.5,3.26,3.23,20,21,22,19,82,0,0,0,88.8,0.31,3.225,0.2263,3.5,2.95,1.025,6,1
207441002,2020,AP,L,1,3.3,3.29,4.0,3.84,3.61,20,21,22,19,82,0,0,0,91.66,0.54,3.6075,0.3667,4.0,3.29,1.025,6,1
207441003,2020,AP,P,1,3.35,3.1,3.77,3.58,3.45,20,21,22,19,82,0,0,0,91.22,0.23,3.45,0.2897,3.77,3.1,1.025,6,1
207441004,2020,AP,P,2,3.55,3.33,3.73,3.63,3.56,20,21,22,19,82,0,0,0,91.87,0.08,3.56,0.1701,3.73,3.33,1.025,6,1
207441005,2020,AP,P,2,3.4,3.0,3.27,3.42,3.27,20,21,22,19,82,0,0,0,88.16,0.02,3.2725,0.1935,3.42,3.0,1.025,6,1
207441006,2020,AP,L,1,3.5,3.19,3.64,3.26,3.4,20,21,22,19,82,0,0,0,88.14,-0.24,3.3975,0.2092,3.64,3.19,1.025,6,1
2152001,2015,IH,L,1,,,3.0,,3.0,,,6,,6,0,0,0,,,,,,,0.075,3,1
2152002,2015,IH,P,1,,,3.0,,3.0,,,6,,6,0,0,0,,,,,,,0.075,3,1
2152003,2015,IH,P,1,,,4.0,,4.0,,,6,,6,0,0,0,,,,,,,0.075,3,1
2152004,2015,IH,L,2,,,3.0,,3.0,,,6,,6,0,0,0,,,,,,,0.075,3,1
2152005,2015,IH,P,2,,,3.0,,3.0,,,6,,6,0,0,0,,,,,,,0.075,3,1
2152006,2015,IH,P,1,,,3.0,,3.0,,,6,,6,0,0,0,,,,,,,0.075,3,1
2152007,2015,IH,P,1,,,4.0,,4.0,,,6,,6,0,0,0,,,,,,,0.075,3,1
2152008,2015,IH,P,1,,,4.0,,4.0,,,6,,6,0,0,0,,,,,,,0.075,3,1
2152009,2015,IH,P,1,,,4.0,,4.0,,,6,,6,0,0,0,,,,,,,0.075,3,1
2152010,2015,IH,P,1,,,4.0,,4.0,,,6,,6,0,0,0,,,,,,,0.075,3,1
2152011,2015,IH,L,1,,,3.0,,3.0,,,6,,6,0,0,0,,,,,,,0.075,3,1
2152012,2015,IH,P,1,,,4.0,,4.0,,,6,,6,0,0,0,,,,,,,0.075,3,1
2152013,2015,IH,P,1,,,3.0,,3.0,,,6,,6,0,0,0,,,,,,,0.075,3,1
2152014,2015,IH,L,1,,,3.0,,3.0,,,6,,6,0,0,0,,,,,,,0.075,3,1
2152015,2015,IH,L,2,,,3.0,,3.0,,,6,,6,0,0,0,,,,,,,0.075,3,1
2152016,2015,IH,P,1,,,3.0,,3.0,,,6,,6,0,0,0,,,,,,,0.075,3,1
2152017,2015,IH,P,1,,,4.0,,4.0,,,6,,6,0,0,0,,,,,,,0.075,3,1
2152018,2015,IH,P,1,,,3.0,,3.0,,,6,,6,0,0,0,,,,,,,0.075,3,1
2152019,2015,IH,L,1,,,4.0,,4.0,,,6,,6,0,0,0,,,,,,,0.075,3,1
2152020,2015,IH,L,1,,,3.0,,3.0,,,6,,6,0,0,0,,,,,,,0.075,3,1
2152021,2015,IH,L,1,,,4.0,,4.0,,,6,,6,0,0,0,,,,,,,0.075,3,1
2152022,2015,IH,L,2,,,3.0,,3.0,,,6,,6,0,0,0,,,,,,,0.075,3,1
2152023,2015,IH,P,1,,,3.0,,3.0,,,6,,6,0,0,0,,,,,,,0.075,3,1
2152024,2015,IH,P,1,,,4.0,,4.0,,,6,,6,0,0,0,,,,,,,0.075,3,1
2152025,2015,IH,P,1,,,3.0,,3.0,,,6,,6,0,0,0,,,,,,,0.075,3,1
2152026,2015,IH,L,1,,,3.0,,3.0,,,6,,6,0,0,0,,,,,,,0.075,3,1
2152027,2015,IH,P,1,,,3.0,,3.0,,,6,,6,0,0,0,,,,,,,0.075,3,1
2152028,2015,IH,L,1,,,3.0,,3.0,,,6,,6,0,0,0,,,,,,,0.075,3,1
2152029,2015,IH,L,1,,,3.0,,3.0,,,6,,6,0,0,0,,,,,,,0.075,3,1
2152030,2015,IH,P,2,,,4.0,,4.0,,,6,,6,0,0,0,,,,,,,0.075,3,1
2152031,2015,IH,L,1,,,3.0,,3.0,,,6,,6,0,0,0,,,,,,,0.075,3,1
2152032,2015,IH,L,1,,,3.0,,3.0,,,6,,6,0,0,0,,,,,,,0.075,3,1
2152033,2015,IH,L,1,,,3.0,,3.0,,,6,,6,0,0,0,,,,,,,0.075,3,1
2152034,2015,IH,L,1,,,4.0,,4.0,,,6,,6,0,0,0,,,,,,,0.075,3,1
2152035,2015,IH,P,2,,,3.0,,3.0,,,6,,6,0,0,0,,,,,,,0.075,3,1
2152036,2015,IH,P,1,,,3.0,,3.0,,,6,,6,0,0,0,,,,,,,0.075,3,1
2152038,2015,IH,L,2,,,3.0,,3.0,,,6,,6,0,0,0,,,,,,,0.075,3,1
2152039,2015,IH,L,2,,,4.0,,4.0,,,6,,6,0,0,0,,,,,,,0.075,3,1
2152040,2015,IH,L,1,,,4.0,,4.0,,,6,,6,0,0,0,,,,,,,0.075,3,1
2152041,2015,IH,L,1,,,4.0,,4.0,,,6,,6,0,0,0,,,,,,,0.075,3,1
2152042,2015,IH,L,1,,,3.0,,3.0,,,6,,6,0,0,0,,,,,,,0.075,3,1
2152043,2015,IH,P,1,,,3.0,,3.0,,,6,,6,0,0,0,,,,,,,0.075,3,1
2152044,2015,IH,P,1,,,3.0,,3.0,,,6,,6,0,0,0,,,,,,,0.075,3,1
2152045,2015,IH,P,1,,,3.0,,3.0,,,6,,6,0,0,0,,,,,,,0.075,3,1
2152046,2015,IH,L,1,,,3.0,,3.0,,,6,,6,0,0,0,,,,,,,0.075,3,1
2152047,2015,IH,P,1,,,4.0,,4.0,,,6,,6,0,0,0,,,,,,,0.075,3,1
2152048,2015,IH,L,2,,,3.0,,3.0,,,6,,6,0,0,0,,,,,,,0.075,3,1
2152049,2015,IH,P,2,,,3.0,,3.0,,,6,,6,0,0,0,,,,,,,0.075,3,1
2152050,2015,IH,L,1,,,4.0,,4.0,,,6,,6,0,0,0,,,,,,,0.075,3,1
2152051,2015,IH,L,1,,,3.0,,3.0,,,6,,6,0,0,0,,,,,,,0.075,3,1
2152052,2015,IH,P,2,,,3.0,,3.0,,,6,,6,0,0,0,,,,,,,0.075,3,1
2152053,2015,IH,P,1,,,4.0,,4.0,,,6,,6,0,0,0,,,,,,,0.075,3,1
2152054,2015,IH,P,1,,,4.0,,4.0,,,6,,6,0,0,0,,,,,,,0.075,3,1
2152055,2015,IH,L,1,,,4.0,,4.0,,,6,,6,0,0,0,,,,,,,0.075,3,1
2152056,2015,IH,L,1,,,3.0,,3.0,,,6,,6,0,0,0,,,,,,,0.075,3,1
2152057,2015,IH,P,2,,,3.0,,3.0,,,6,,6,0,0,0,,,,,,,0.075,3,1
2152058,2015,IH,P,1,,,3.0,,3.0,,,6,,6,0,0,0,,,,,,,0.075,3,1
2152059,2015,IH,P,1,,,3.0,,3.0,,,6,,6,0,0,0,,,,,,,0.075,3,1
2152061,2015,IH,L,1,,,3.0,,3.0,,,6,,6,0,0,0,,,,,,,0.075,3,1
2152062,2015,IH,L,1,,,4.0,,4.0,,,6,,6,0,0,0,,,,,,,0.075,3,1
2152063,2015,IH,L,1,,,4.0,,4.0,,,6,,6,0,0,0,,,,,,,0.075,3,1
2152064,2015,IH,L,1,,,3.0,,3.0,,,6,,6,0,0,0,,,,,,,0.075,3,1
2152065,2015,IH,L,1,,,3.0,,3.0,,,6,,6,0,0,0,,,,,,,0.075,3,1
2152066,2015,IH,L,2,,,3.0,,3.0,,,6,,6,0,0,0,,,,,,,0.075,3,1
2152067,2015,IH,L,1,,,3.0,,3.0,,,6,,6,0,0,0,,,,,,,0.075,3,1
2152068,2015,IH,L,1,,,4.0,,4.0,,,6,,6,0,0,0,,,,,,,0.075,3,1
2152069,2015,IH,L,1,,,3.0,,3.0,,,6,,6,0,0,0,,,,,,,0.075,3,1
2152070,2015,IH,L,1,,,4.0,,4.0,,,6,,6,0,0,0,,,,,,,0.075,3,1
2152071,2015,IH,L,2,,,3.0,,3.0,,,6,,6,0,0,0,,,,,,,0.075,3,1
2152073,2015,IH,L,1,,,3.0,,3.0,,,6,,6,0,0,0,,,,,,,0.075,3,1
2152074,2015,IH,L,2,,,3.0,,3.0,,,6,,6,0,0,0,,,,,,,0.075,3,1
2152076,2015,IH,L,1,,,4.0,,4.0,,,6,,6,0,0,0,,,,,,,0.075,3,1
2152077,2015,IH,L,1,,,3.0,,3.0,,,6,,6,0,0,0,,,,,,,0.075,3,1
2152078,2015,IH,P,2,,,3.0,,3.0,,,6,,6,0,0,0,,,,,,,0.075,3,1
2152081,2015,IH,L,1,,,3.0,,3.0,,,6,,6,0,0,0,,,,,,,0.075,3,1
2152082,2015,IH,L,1,,,3.0,,3.0,,,6,,6,0,0,0,,,,,,,0.075,3,1
21522310,2015,AP,P,2,,,,4.0,4.0,,,,4,4,0,0,1,,,,,,,0.05,4,1
2152269,2015,AP,P,1,3.0,3.13,3.5,3.21,3.21,20,16,20,19,75,0,0,0,,0.21,3.21,0.2118,3.5,3.0,0.9375,6,1
2152270,2015,AP,L,1,3.0,3.13,3.0,3.11,3.05,20,16,20,19,75,0,0,0,,0.11,3.06,0.0698,3.13,3.0,0.9375,6,1
2152271,2015,AP,P,1,3.4,3.38,3.7,3.58,3.52,20,16,20,19,75,0,0,0,,0.18,3.515,0.1526,3.7,3.38,0.9375,6,1
2152272,2015,AP,L,1,3.0,3.13,3.0,3.0,3.03,20,16,20,19,75,0,0,0,,0.0,3.0325,0.065,3.13,3.0,0.9375,6,1
2152273,2015,AP,P,1,3.3,3.38,3.35,3.4699999999999998,3.37,20,16,20,19,75,0,0,0,,0.17,3.375,0.0714,3.47,3.3,0.9375,6,1
2152274,2015,AP,P,2,3.5,3.38,3.5,3.21,3.4,20,16,20,19,75,0,0,0,,-0.29,3.3975,0.1372,3.5,3.21,0.9375,6,1
2152275,2015,AP,P,2,3.1,3.25,3.5,3.32,3.29,20,16,20,19,75,0,0,0,,0.22,3.2925,0.166,3.5,3.1,0.9375,6,1
2152277,2015,AP,P,1,3.0,3.0,3.0,3.0,3.0,20,16,20,19,75,0,0,0,,0.0,3.0,0.0,3.0,3.0,0.9375,6,1
2152278,2015,AP,L,1,3.6,3.63,3.65,3.58,3.61,20,16,20,19,75,0,0,0,,-0.02,3.615,0.0311,3.65,3.58,0.9375,6,1
2152279,2015,AP,P,1,3.1,3.0,3.0,3.21,3.08,20,16,20,19,75,0,0,0,,0.11,3.0775,0.1001,3.21,3.0,0.9375,6,1
2152280,2015,AP,L,4,3.1,3.13,3.0,3.0,3.05,20,16,20,19,75,0,0,0,,-0.1,3.0575,0.0675,3.13,3.0,0.9375,6,1
2152281,2015,AP,P,2,3.1,3.13,3.65,3.4699999999999998,3.35,20,16,20,19,75,0,0,0,,0.37,3.3375,0.2675,3.65,3.1,0.9375,6,1
2152282,2015,AP,P,1,3.4,3.5,4.0,3.5300000000000002,3.61,20,16,20,19,75,0,0,0,,0.13,3.6075,0.2675,4.0,3.4,0.9375,6,1
2152283,2015,AP,P,1,3.1,3.5,3.3,3.4699999999999998,3.33,20,16,20,19,75,0,0,0,,0.37,3.3425,0.1841,3.5,3.1,0.9375,6,1
2152284,2015,AP,P,1,3.2,3.38,3.15,3.21,3.23,20,16,20,19,75,0,0,0,,0.01,3.235,0.1002,3.38,3.15,0.9375,6,1
2152285,2015,AP,L,2,3.1,3.0,3.2,3.21,3.13,20,16,20,19,75,0,0,0,,0.11,3.1275,0.0984,3.21,3.0,0.9375,6,1
2152286,2015,AP,P,2,2.9,3.13,3.15,3.32,3.12,20,16,20,19,75,0,0,0,,0.42,3.125,0.1725,3.32,2.9,0.9375,6,1
2152287,2015,AP,P,2,3.0,3.13,3.0,3.11,3.05,20,16,20,19,75,0,0,0,,0.11,3.06,0.0698,3.13,3.0,0.9375,6,1
2152288,2015,AP,L,1,3.0,3.0,3.0,3.21,3.05,20,16,20,19,75,0,0,0,,0.21,3.0525,0.105,3.21,3.0,0.9375,6,1
2152289,2015,AP,P,2,3.1,3.38,3.2,3.21,3.21,20,16,20,19,75,0,0,0,,0.11,3.2225,0.1162,3.38,3.1,0.9375,6,1
2152290,2015,AP,P,1,3.1,3.13,3.3,3.0,3.13,20,16,20,19,75,0,0,0,,-0.1,3.1325,0.1247,3.3,3.0,0.9375,6,1
2152291,2015,AP,L,1,3.1,3.0,3.35,3.32,3.2,20,16,20,19,75,0,0,0,,0.22,3.1925,0.17,3.35,3.0,0.9375,6,1
2152292,2015,AP,P,1,3.0,3.38,3.55,3.32,3.31,20,16,20,19,75,0,0,0,,0.32,3.3125,0.23,3.55,3.0,0.9375,6,1
2152293,2015,AP,L,2,3.0,3.0,3.0,3.11,3.03,20,16,20,19,75,0,0,0,,0.11,3.0275,0.055,3.11,3.0,0.9375,6,1
2152294,2015,AP,P,1,3.3,3.38,0.0,3.0,2.37,20,16,20,20,76,8,0,8,,-0.3,2.42,1.6216,3.38,0.0,0.95,7,0
2152295,2015,AP,L,1,3.0,3.0,3.0,3.0,3.0,20,16,20,19,75,0,0,0,,0.0,3.0,0.0,3.0,3.0,0.9375,6,1
2152296,2015,AP,P,1,3.0,3.13,3.7,3.32,3.29,20,16,20,19,75,0,0,0,,0.32,3.2875,0.3048,3.7,3.0,0.9375,6,1
2152297,2015,AP,L,1,3.0,3.0,3.0,3.0,3.0,20,16,20,19,75,0,0,0,,0.0,3.0,0.0,3.0,3.0,0.9375,6,1
2152298,2015,AP,L,1,3.1,3.13,3.0,3.21,3.11,20,16,20,19,75,0,0,0,,0.11,3.11,0.0868,3.21,3.0,0.9375,6,1
2152299,2015,AP,P,1,2.6,3.0,3.0,2.82,2.85,20,16,20,17,73,0,0,0,,0.22,2.855,0.19,3.0,2.6,0.9125,4,0
2152300,2015,AP,P,1,3.5,3.38,3.65,3.58,3.5300000000000002,20,16,20,19,75,0,0,0,,0.08,3.5275,0.1159,3.65,3.38,0.9375,6,1
2152301,2015,AP,L,1,3.5,3.13,3.35,3.11,3.2800000000000002,20,16,20,19,75,0,0,0,,-0.39,3.2725,0.1866,3.5,3.11,0.9375,6,1
2152302,2015,AP,P,1,3.0,3.5,3.5,3.11,3.27,20,16,20,19,75,0,0,0,,0.11,3.2775,0.2608,3.5,3.0,0.9375,6,1
2152303,2015,AP,L,1,3.2,3.13,3.15,3.4699999999999998,3.24,20,16,20,19,75,0,0,0,,0.27,3.2375,0.1578,3.47,3.13,0.9375,6,1
2152304,2015,AP,L,1,3.0,3.5,3.2,3.32,3.24,20,16,20,19,75,0,0,0,,0.32,3.255,0.21,3.5,3.0,0.9375,6,1
2152305,2015,AP,L,1,2.8,3.0,3.0,3.0,2.95,20,16,20,19,75,0,0,0,,0.2,2.95,0.1,3.0,2.8,0.9375,6,1
2152306,2015,AP,L,4,3.0,3.38,3.15,3.21,3.17,20,16,20,19,75,0,0,0,,0.21,3.185,0.1572,3.38,3.0,0.9375,6,1
2152307,2015,AP,L,1,3.0,3.0,3.35,3.11,3.12,20,16,20,19,75,0,0,0,,0.11,3.115,0.165,3.35,3.0,0.9375,6,1
2152308,2015,AP,L,1,3.0,3.13,3.0,3.0,3.03,20,16,20,19,75,0,0,0,,0.0,3.0325,0.065,3.13,3.0,0.9375,6,1
2162083,2016,IH,L,1,,3.0,3.0,,3.0,,2,6,,8,0,0,0,,0.0,3.0,0.0,3.0,3.0,0.1,3,1
2162084,2016,IH,L,2,,3.0,0.0,3.0,1.71,,2,6,6,14,1,0,1,,0.0,2.0,1.7321,3.0,0.0,0.175,4,1
2162085,2016,IH,P,1,,4.0,3.0,,3.25,,2,6,,8,0,0,0,,-1.0,3.5,0.7071,4.0,3.0,0.1,3,1
2162086,2016,IH,L,2,,4.0,3.0,,3.25,,2,6,,8,0,0,0,,-1.0,3.5,0.7071,4.0,3.0,0.1,3,1
2162087,2016,IH,P,1,,4.0,4.0,,4.0,,2,6,,8,0,0,0,,0.0,4.0,0.0,4.0,4.0,0.1,3,1
2162088,2016,IH,P,1,,4.0,3.0,,3.25,,2,6,,8,0,0,0,,-1.0,3.5,0.7071,4.0,3.0,0.1,3,1
2162089,2016,IH,L,1,,3.0,3.0,,3.0,,2,6,,8,0,0,0,,0.0,3.0,0.0,3.0,3.0,0.1,3,1
2162090,2016,IH,L,1,,4.0,4.0,,4.0,,2,6,,8,0,0,0,,0.0,4.0,0.0,4.0,4.0,0.1,3,1
2162091,2016,IH,L,1,,3.0,4.0,,3.75,,2,6,,8,0,0,0,,1.0,3.5,0.7071,4.0,3.0,0.1,3,1
2162092,2016,IH,P,1,,3.0,3.0,,3.0,,2,6,,8,0,0,0,,0.0,3.0,0.0,3.0,3.0,0.1,3,1
2162093,2016,IH,L,1,,3.0,3.0,,3.0,,2,6,,8,0,0,0,,0.0,3.0,0.0,3.0,3.0,0.1,3,1
2162094,2016,IH,P,1,,4.0,3.0,,3.25,,2,6,,8,0,0,0,,-1.0,3.5,0.7071,4.0,3.0,0.1,3,1
2162095,2016,IH,P,1,,4.0,4.0,,4.0,,2,6,,8,0,0,0,,0.0,4.0,0.0,4.0,4.0,0.1,3,1
2162096,2016,IH,P,1,,3.0,3.0,,3.0,,2,6,,8,0,0,0,,0.0,3.0,0.0,3.0,3.0,0.1,3,1
2162097,2016,IH,L,2,,3.0,3.0,,3.0,,2,6,,8,0,0,0,,0.0,3.0,0.0,3.0,3.0,0.1,3,1
2162098,2016,IH,P,1,,4.0,4.0,,4.0,,2,6,,8,0,0,0,,0.0,4.0,0.0,4.0,4.0,0.1,3,1
2162099,2016,IH,P,1,,4.0,4.0,,4.0,,2,6,,8,0,0,0,,0.0,4.0,0.0,4.0,4.0,0.1,3,1
2162100,2016,IH,P,2,,4.0,3.0,,3.25,,2,6,,8,0,0,0,,-1.0,3.5,0.7071,4.0,3.0,0.1,3,1
2162101,2016,IH,L,1,,4.0,3.0,,3.25,,2,6,,8,0,0,0,,-1.0,3.5,0.7071,4.0,3.0,0.1,3,1
2162102,2016,IH,L,1,,3.0,0.0,3.0,1.71,,2,6,6,14,1,0,1,,0.0,2.0,1.7321,3.0,0.0,0.175,4,1
2162103,2016,IH,L,1,,3.0,3.0,,3.0,,2,6,,8,0,0,0,,0.0,3.0,0.0,3.0,3.0,0.1,3,1
2162104,2016,IH,P,2,,4.0,3.0,,3.25,,2,6,,8,0,0,0,,-1.0,3.5,0.7071,4.0,3.0,0.1,3,1
2162105,2016,IH,L,2,,3.0,0.0,,0.75,,2,6,,8,1,0,0,,-3.0,1.5,2.1213,3.0,0.0,0.1,3,0
2162106,2016,IH,L,1,,4.0,3.0,,3.25,,2,6,,8,0,0,0,,-1.0,3.5,0.7071,4.0,3.0,0.1,3,1
2162107,2016,IH,L,4,,3.0,3.0,,3.0,,2,6,,8,0,0,0,,0.0,3.0,0.0,3.0,3.0,0.1,3,1
2162309,2016,AP,L,1,3.09,3.0,0.3,3.15,2.37,22,16,20,20,78,7,0,8,,0.06,2.385,1.3914,3.15,0.3,0.975,6,1
2162310,2016,AP,P,1,3.27,3.5,3.3,3.74,3.44,22,16,20,19,77,0,0,0,,0.47,3.4525,0.2172,3.74,3.27,0.9625,6,1
2162311,2016,AP,L,1,3.18,3.0,2.95,3.11,3.06,22,16,20,19,77,0,0,0,,-0.07,3.06,0.1042,3.18,2.95,0.9625,6,1
2162312,2016,AP,L,1,3.18,3.13,3.5,3.37,3.3,22,16,20,19,77,0,0,0,,0.19,3.295,0.1714,3.5,3.13,0.9625,6,1
2162313,2016,AP,L,1,3.09,3.25,3.3,3.16,3.19,22,16,20,19,77,0,0,0,,0.07,3.2,0.0935,3.3,3.09,0.9625,6,1
2162314,2016,AP,P,2,3.27,3.38,3.3,3.4699999999999998,3.35,22,16,20,19,77,0,0,0,,0.2,3.355,0.0896,3.47,3.27,0.9625,6,1
2162315,2016,AP,L,1,3.18,3.25,3.3,3.4699999999999998,3.3,22,16,20,19,77,0,0,0,,0.29,3.3,0.1236,3.47,3.18,0.9625,6,1
2162316,2016,AP,P,1,3.45,3.63,3.65,3.4699999999999998,3.55,22,16,20,19,77,0,0,0,,0.02,3.55,0.1046,3.65,3.45,0.9625,6,1
2162317,2016,AP,P,1,3.18,3.25,3.5,3.63,3.39,22,16,20,19,77,0,0,0,,0.45,3.39,0.2109,3.63,3.18,0.9625,6,1
2162318,2016,AP,P,1,3.18,3.25,3.45,3.4699999999999998,3.34,22,16,20,19,77,0,0,0,,0.29,3.3375,0.1445,3.47,3.18,0.9625,6,1
2162319,2016,AP,L,1,3.09,3.0,3.3,3.26,3.17,22,16,20,19,77,0,0,0,,0.17,3.1625,0.1415,3.3,3.0,0.9625,6,1
2162320,2016,AP,L,1,3.45,3.25,3.5,3.5300000000000002,3.44,22,16,20,19,77,0,0,0,,0.08,3.4325,0.1261,3.53,3.25,0.9625,6,1
2162321,2016,AP,L,1,3.09,3.13,3.45,3.16,3.21,22,16,20,19,77,0,0,0,,0.07,3.2075,0.1642,3.45,3.09,0.9625,6,1
2162322,2016,AP,L,1,3.27,3.13,3.45,3.26,3.29,22,16,20,19,77,0,0,0,,-0.01,3.2775,0.1315,3.45,3.13,0.9625,6,1
2162323,2016,AP,L,1,3.09,3.0,3.15,3.26,3.13,22,16,20,19,77,0,0,0,,0.17,3.125,0.1091,3.26,3.0,0.9625,5,1
2162324,2016,AP,P,1,3.27,3.5,3.65,3.37,3.44,22,16,20,19,77,0,0,0,,0.1,3.4475,0.1646,3.65,3.27,0.9625,6,1
2162325,2016,AP,P,1,3.0,3.0,3.45,3.37,3.21,22,16,20,19,77,0,0,0,,0.37,3.205,0.239,3.45,3.0,0.9625,6,1
2162326,2016,AP,P,1,3.36,3.63,3.8,3.5300000000000002,3.57,22,16,20,19,77,0,0,0,,0.17,3.58,0.1842,3.8,3.36,0.9625,6,1
2162327,2016,AP,L,1,3.09,3.13,3.45,3.16,3.21,22,16,20,19,77,0,0,0,,0.07,3.2075,0.1642,3.45,3.09,0.9625,6,1
2162328,2016,AP,P,1,3.45,3.75,3.8,3.63,3.65,22,16,20,19,77,0,0,0,,0.18,3.6575,0.1556,3.8,3.45,0.9625,6,1
2162329,2016,AP,L,1,3.27,3.13,2.95,3.16,3.13,22,16,20,19,77,0,0,0,,-0.11,3.1275,0.1328,3.27,2.95,0.9625,6,1
2162330,2016,AP,P,2,3.36,3.38,3.3,3.37,3.35,22,16,20,19,77,0,0,0,,0.01,3.3525,0.0359,3.38,3.3,0.9625,6,1
2162331,2016,AP,P,1,3.27,3.25,3.45,3.26,3.31,22,16,20,19,77,0,0,0,,-0.01,3.3075,0.0954,3.45,3.25,0.9625,6,1
2162332,2016,AP,P,1,3.55,3.88,3.65,3.89,3.73,22,16,20,19,77,0,0,0,,0.34,3.7425,0.1696,3.89,3.55,0.9625,6,1
2162333,2016,AP,L,1,3.27,3.13,3.45,3.4699999999999998,3.34,22,16,20,19,77,0,0,0,,0.2,3.33,0.1608,3.47,3.13,0.9625,6,1
2162334,2016,AP,P,1,3.36,3.13,3.8,3.5300000000000002,3.4699999999999998,22,16,20,19,77,0,0,0,,0.17,3.455,0.2824,3.8,3.13,0.9625,6,1
2162335,2016,AP,P,1,3.0,3.13,3.3,3.37,3.19,22,16,20,19,77,0,0,0,,0.37,3.2,0.1671,3.37,3.0,0.9625,5,0
2162336,2016,AP,L,1,3.0,3.0,2.95,3.0,2.99,22,16,20,19,77,0,0,0,,0.0,2.9875,0.025,3.0,2.95,0.9625,6,1
2162337,2016,AP,L,1,3.0,3.0,3.15,3.0,3.04,22,16,20,19,77,0,0,0,,0.0,3.0375,0.075,3.15,3.0,0.9625,6,1
2172108,2017,IH,L,2,,,0.0,3.0,1.5,,,6,6,12,1,0,1,,3.0,1.5,2.1213,3.0,0.0,0.15,4,1
2172110,2017,IH,P,1,,,4.0,,4.0,,,6,,6,0,0,0,,,,,,,0.075,3,1
2172111,2017,IH,P,2,,,3.0,,3.0,,,6,,6,0,0,0,,,,,,,0.075,3,1
2172112,2017,IH,P,1,,,3.0,,3.0,,,6,,6,0,0,0,,,,,,,0.075,3,1
2172113,2017,IH,P,1,,,4.0,,4.0,,,6,,6,0,0,0,,,,,,,0.075,3,1
2172114,2017,IH,P,1,,,3.0,,3.0,,,6,,6,0,0,0,,,,,,,0.075,3,1
2172115,2017,IH,P,1,,,4.0,,4.0,,,6,,6,0,0,0,,,,,,,0.075,3,1
2172116,2017,IH,P,1,,,4.0,,4.0,,,6,,6,0,0,0,,,,,,,0.075,3,1
2172117,2017,IH,P,2,,,4.0,,4.0,,,6,,6,0,0,0,,,,,,,0.075,3,1
2172118,2017,IH,L,1,,,4.0,,4.0,,,6,,6,0,0,0,,,,,,,0.075,3,1
2172119,2017,IH,P,1,,,3.0,,3.0,,,6,,6,0,0,0,,,,,,,0.075,3,1
2172120,2017,IH,L,1,,,4.0,,4.0,,,6,,6,0,0,0,,,,,,,0.075,3,1
2172121,2017,IH,P,1,,,4.0,,4.0,,,6,,6,0,0,0,,,,,,,0.075,3,1
2172123,2017,IH,P,1,,,3.0,,3.0,,,6,,6,0,0,0,,,,,,,0.075,3,1
2172338,2017,AP,L,1,3.09,3.41,3.15,3.16,3.2,22,22,20,19,83,0,0,0,,0.07,3.2025,0.1417,3.41,3.09,1.0375,5,1
2172339,2017,AP,L,1,3.18,3.09,3.15,3.26,3.17,22,22,20,19,83,0,0,0,,0.08,3.17,0.0707,3.26,3.09,1.0375,5,1
2172340,2017,AP,L,2,3.0,3.32,3.3,3.16,3.19,22,22,20,19,83,0,0,0,,0.16,3.195,0.1482,3.32,3.0,1.0375,5,1
2172341,2017,AP,L,2,3.0,3.18,3.35,3.0,3.13,22,22,20,19,83,0,0,0,,0.0,3.1325,0.168,3.35,3.0,1.0375,5,1
2172342,2017,AP,P,1,3.0,3.09,3.15,3.11,3.08,22,22,20,19,83,0,0,0,,0.11,3.0875,0.0634,3.15,3.0,1.0375,5,1
2172343,2017,AP,P,1,3.09,3.09,3.15,3.26,3.14,22,22,20,19,83,0,0,0,,0.17,3.1475,0.0802,3.26,3.09,1.0375,5,1
2172344,2017,AP,P,1,3.64,3.91,3.8,3.63,3.75,22,22,20,19,83,0,0,0,,-0.01,3.745,0.1348,3.91,3.63,1.0375,5,1
2172345,2017,AP,P,1,3.09,3.14,3.5,,3.23,22,22,20,,64,0,0,0,,0.41,3.2433,0.2237,3.5,3.09,0.8,3,0
2172346,2017,AP,L,1,3.09,3.09,3.35,3.11,3.16,22,22,20,19,83,0,0,0,,0.02,3.16,0.127,3.35,3.09,1.0375,5,1
2172347,2017,AP,P,1,3.0,3.23,3.45,3.16,3.2,22,22,20,19,83,0,0,0,,0.16,3.21,0.1867,3.45,3.0,1.0375,5,1
2172348,2017,AP,P,1,3.45,3.41,3.35,3.4699999999999998,3.42,22,22,20,19,83,0,0,0,,0.02,3.42,0.0529,3.47,3.35,1.0375,5,1
2172349,2017,AP,P,1,3.36,3.64,4.0,3.63,3.65,22,22,20,19,83,0,0,0,,0.27,3.6575,0.2626,4.0,3.36,1.0375,5,1
2172351,2017,AP,P,1,3.18,3.32,3.15,3.26,3.23,22,22,20,19,83,0,0,0,,0.08,3.2275,0.0772,3.32,3.15,1.0375,5,1
2172352,2017,AP,L,1,3.0,3.0,3.15,3.0,3.04,22,22,20,19,83,0,0,0,,0.0,3.0375,0.075,3.15,3.0,1.0375,5,1
2172353,2017,AP,P,1,3.45,3.41,3.65,3.11,3.41,22,22,20,19,83,0,0,0,,-0.34,3.405,0.2229,3.65,3.11,1.0375,5,1
2172354,2017,AP,L,1,3.45,3.59,3.5,3.42,3.49,22,22,20,19,83,0,0,0,,-0.03,3.49,0.0744,3.59,3.42,1.0375,5,1
2172355,2017,AP,L,1,3.36,3.18,3.65,3.21,3.35,22,22,20,19,83,0,0,0,,-0.15,3.35,0.2149,3.65,3.18,1.0375,5,1
2172356,2017,AP,P,1,3.09,3.32,3.15,3.11,3.17,22,22,20,19,83,0,0,0,,0.02,3.1675,0.1047,3.32,3.09,1.0375,5,1
2172357,2017,AP,L,1,3.09,3.09,3.15,2.89,3.06,22,22,20,19,83,0,0,0,,-0.2,3.055,0.1136,3.15,2.89,1.0375,5,1
2172359,2017,AP,P,1,3.55,3.64,4.0,3.74,3.7199999999999998,22,22,20,19,83,0,0,0,,0.19,3.7325,0.1945,4.0,3.55,1.0375,5,1
2172360,2017,AP,P,1,3.55,3.55,3.3,3.32,3.43,22,22,20,19,83,0,0,0,,-0.23,3.43,0.1388,3.55,3.3,1.0375,5,1
2172361,2017,AP,L,1,2.91,3.0,3.15,2.79,2.96,22,22,20,19,83,0,0,0,,-0.12,2.9625,0.1517,3.15,2.79,1.0375,9,0
2172362,2017,AP,P,2,3.36,3.5,3.3,3.26,3.36,22,22,20,19,83,0,0,0,,-0.1,3.355,0.105,3.5,3.26,1.0375,5,1
2172363,2017,AP,P,1,3.36,3.0,3.45,3.16,3.24,22,22,20,19,83,0,0,0,,-0.2,3.2425,0.2021,3.45,3.0,1.0375,6,1
2172364,2017,AP,L,1,3.0,3.32,3.45,3.21,3.24,22,22,20,19,83,0,0,0,,0.21,3.245,0.1905,3.45,3.0,1.0375,5,1
2172366,2017,AP,P,2,3.64,3.73,3.45,3.21,3.52,22,22,20,19,83,0,0,0,,-0.43,3.5075,0.2301,3.73,3.21,1.0375,5,1
2172367,2017,AP,P,1,3.36,3.41,3.35,3.26,3.35,22,22,20,19,83,0,0,0,,-0.1,3.345,0.0624,3.41,3.26,1.0375,5,1
2172369,2017,AP,P,1,3.09,3.77,3.5,3.37,3.43,22,22,20,19,83,0,0,0,,0.28,3.4325,0.2827,3.77,3.09,1.0375,5,1
2172370,2017,AP,L,2,2.91,3.0,3.3,3.0,3.05,22,22,20,19,83,0,0,0,,0.09,3.0525,0.1704,3.3,2.91,1.0375,5,1
2172371,2017,AP,L,1,3.36,3.09,3.3,3.11,3.22,22,22,20,19,83,0,0,0,,-0.25,3.215,0.1353,3.36,3.09,1.0375,5,1
2172372,2017,AP,P,1,3.45,3.59,3.5,3.26,3.46,22,22,20,19,83,0,0,0,,-0.19,3.45,0.1393,3.59,3.26,1.0375,5,1
2172373,2017,AP,L,1,3.36,3.14,3.15,3.26,3.23,22,22,20,19,83,0,0,0,,-0.1,3.2275,0.1037,3.36,3.14,1.0375,5,1
2172375,2017,AP,P,1,3.36,3.32,3.3,3.11,3.2800000000000002,22,22,20,19,83,0,0,0,,-0.25,3.2725,0.1112,3.36,3.11,1.0375,5,1
2172376,2017,AP,P,1,3.27,3.59,3.35,3.26,3.37,22,22,20,19,83,0,0,0,,-0.01,3.3675,0.1537,3.59,3.26,1.0375,5,1
217422013,2021,IH,L,1,3.52,3.48,3.5,,3.51,112,21,12,,145,0,0,0,67.53,-0.02,3.5,0.02,3.52,3.48,1.8125,3,1
217422015,2021,IH,L,1,3.29,3.48,3.25,,3.31,112,21,12,,145,0,0,0,71.92,-0.04,3.34,0.1229,3.48,3.25,1.8125,3,1
217422016,2021,IH,L,1,3.2800000000000002,3.33,3.67,,3.32,112,21,12,,145,0,0,0,75.28,0.39,3.4267,0.2122,3.67,3.28,1.8125,3,1
217422019,2021,IH,P,1,3.27,3.52,4.0,3.17,3.34,102,23,8,12,145,0,0,0,68.47,-0.1,3.49,0.3705,4.0,3.17,1.8125,4,1
217422020,2021,IH,L,1,2.85,1.52,3.25,3.4699999999999998,2.79,102,23,24,17,166,14,7,12,61.43,0.62,2.7725,0.8736,3.47,1.52,2.075,5,1
217422022,2021,IH,L,1,3.36,3.35,4.0,3.58,3.41,102,23,8,12,145,0,0,0,76.77,0.22,3.5725,0.3041,4.0,3.35,1.8125,4,1
217422023,2021,IH,P,1,3.44,3.91,4.0,3.5,3.55,102,23,8,12,145,0,0,0,78.03,0.06,3.7125,0.2835,4.0,3.44,1.8125,4,1
217422027,2021,IH,L,1,3.25,3.65,3.74,3.58,3.42,84,23,19,19,145,0,0,0,68.32,0.33,3.555,0.2136,3.74,3.25,1.8125,4,1
217422029,2021,IH,L,1,3.42,3.43,3.74,3.74,3.5,84,23,19,19,145,0,0,0,66.39,0.32,3.5825,0.1819,3.74,3.42,1.8125,4,1
217422034,2021,IH,L,1,3.49,3.52,3.63,3.5,3.5,102,23,8,12,145,0,0,0,69.13,0.01,3.535,0.0645,3.63,3.49,1.8125,4,1
217422035,2021,IH,L,1,3.49,3.83,4.0,3.4699999999999998,3.61,84,23,19,19,145,0,0,0,65.66,-0.02,3.6975,0.2607,4.0,3.47,1.8125,4,1
217422037,2021,IH,L,1,3.31,3.74,3.57,3.37,3.43,80,23,23,19,145,0,0,0,72.77,0.06,3.4975,0.1962,3.74,3.31,1.8125,4,1
217422038,2021,IH,L,1,3.25,3.65,3.84,3.74,3.46,84,23,19,19,145,0,0,0,64.48,0.49,3.62,0.2586,3.84,3.25,1.8125,4,1
217422039,2021,IH,L,1,3.62,3.35,3.38,3.0,3.51,102,23,8,12,145,0,0,0,69.11,-0.62,3.3375,0.2554,3.62,3.0,1.8125,4,1
217422043,2021,IH,L,1,3.11,3.11,3.26,,3.13,113,9,19,,141,0,0,0,60.7,0.15,3.16,0.0866,3.26,3.11,1.7625,3,1
217422044,2021,IH,L,1,3.02,3.0,3.0,,3.02,131,4,6,,141,0,0,0,77.95,-0.02,3.0067,0.0115,3.02,3.0,1.7625,3,1
217422045,2021,IH,P,1,3.15,2.5,3.0,,3.13,131,4,6,,141,0,0,0,77.31,-0.15,2.8833,0.3403,3.15,2.5,1.7625,3,1
217422046,2021,IH,P,1,3.52,3.5,4.0,,3.54,131,4,6,,141,0,0,0,80.38,0.48,3.6733,0.2831,4.0,3.5,1.7625,3,1
217422047,2021,IH,L,1,3.26,3.0,4.0,,3.2800000000000002,131,4,6,,141,0,0,0,79.78,0.74,3.42,0.5188,4.0,3.0,1.7625,3,1
217422048,2021,IH,L,1,3.21,3.0,4.0,,3.24,131,4,6,,141,0,0,0,81.57,0.79,3.4033,0.5273,4.0,3.0,1.7625,3,1
217422049,2021,IH,P,1,3.56,3.0,4.0,,3.57,131,4,6,,141,0,0,0,76.42,0.44,3.52,0.5012,4.0,3.0,1.7625,3,1
217422050,2021,IH,L,1,3.13,2.5,3.0,,3.11,131,4,6,,141,0,0,0,76.71,-0.13,2.8767,0.3326,3.13,2.5,1.7625,3,1
217422051,2021,IH,L,1,3.46,2.5,4.0,,3.45,131,4,6,,141,0,0,0,73.44,0.54,3.32,0.7597,4.0,2.5,1.7625,3,1
217422052,2021,IH,L,1,3.24,3.5,4.0,,3.2800000000000002,131,4,6,,141,0,0,0,81.01,0.76,3.58,0.3863,4.0,3.24,1.7625,3,1
217422053,2021,IH,P,1,3.82,4.0,3.67,,3.82,131,4,6,,141,0,0,0,83.06,-0.15,3.83,0.1652,4.0,3.67,1.7625,3,1
217422054,2021,IH,L,1,3.39,3.5,4.0,,3.42,131,4,6,,141,0,0,0,81.57,0.61,3.63,0.3251,4.0,3.39,1.7625,3,1
217422055,2021,IH,L,1,3.4699999999999998,3.5,4.0,,3.5,131,4,6,,141,0,0,0,83.06,0.53,3.6567,0.2977,4.0,3.47,1.7625,3,1
217422056,2021,IH,P,1,3.68,4.0,4.0,,3.7,131,4,6,,141,0,0,0,83.62,0.32,3.8933,0.1848,4.0,3.68,1.7625,3,1
217422061,2021,IH,L,1,3.12,3.22,3.43,,3.17,108,23,14,,145,0,0,0,72.77,0.31,3.2567,0.1582,3.43,3.12,1.8125,3,1
217422062,2021,IH,L,1,3.24,4.0,3.57,,3.39,108,23,14,,145,0,0,0,73.91,0.33,3.6033,0.3811,4.0,3.24,1.8125,3,1
217422063,2021,IH,L,1,2.85,2.83,3.29,3.0,2.92,88,18,17,10,133,0,0,0,76.8,0.15,2.9925,0.2123,3.29,2.83,1.6625,5,1
217422065,2021,IH,L,1,3.09,3.0,4.0,,3.12,129,4,6,,139,0,0,0,74.33,0.91,3.3633,0.5532,4.0,3.0,1.7375,3,1
217441001,2021,AP,P,1,3.45,3.43,3.5,3.5300000000000002,3.48,20,21,22,19,82,0,0,0,77.33,0.08,3.4775,0.0457,3.53,3.43,1.025,6,1
217441002,2021,AP,P,2,3.1,3.19,4.0,3.84,3.54,20,21,22,19,82,0,0,0,88.76,0.74,3.5325,0.4537,4.0,3.1,1.025,6,1
217441003,2021,AP,P,1,3.5,3.33,3.36,3.5300000000000002,3.43,20,21,22,19,82,0,0,0,88.97,0.03,3.43,0.0997,3.53,3.33,1.025,6,1
217441004,2021,AP,P,1,3.1,3.33,2.82,3.42,3.16,20,21,22,19,82,1,0,0,77.37,0.32,3.1675,0.268,3.42,2.82,1.025,6,1
217441005,2021,AP,P,1,3.5,3.33,3.5,3.5300000000000002,3.46,20,21,22,19,82,0,0,0,85.98,0.03,3.465,0.0911,3.53,3.33,1.025,6,1
217441006,2021,AP,L,1,3.1,2.86,3.27,3.42,3.16,20,21,22,19,82,1,0,0,88.25,0.32,3.1625,0.2403,3.42,2.86,1.025,6,1
217441007,2021,AP,P,1,3.5,3.57,3.77,3.63,3.62,20,21,22,19,82,0,0,0,86.38,0.13,3.6175,0.1147,3.77,3.5,1.025,6,1
217441008,2021,AP,L,1,3.1,2.76,3.14,3.0,3.0,20,21,22,19,82,0,0,0,84.22,-0.1,3.0,0.1705,3.14,2.76,1.025,6,1
217441009,2021,AP,L,1,3.35,3.24,2.68,3.21,3.11,20,21,22,19,82,1,0,0,79.6,-0.14,3.12,0.2994,3.35,2.68,1.025,6,1
217441010,2021,AP,P,1,3.25,3.19,3.77,3.74,3.49,20,21,22,19,82,0,0,0,85.12,0.49,3.4875,0.3101,3.77,3.19,1.025,6,1
217441011,2021,AP,P,1,3.25,3.48,3.41,,3.38,20,21,22,,63,0,0,0,71.62,0.16,3.38,0.1179,3.48,3.25,0.7875,3,0
217441012,2021,AP,L,1,3.25,3.19,3.41,,3.29,20,21,22,,63,0,0,0,70.94,0.16,3.2833,0.1137,3.41,3.19,0.7875,3,0
217441013,2021,AP,L,1,3.35,3.05,3.91,3.58,3.48,20,21,22,19,82,0,0,0,83.16,0.23,3.4725,0.3635,3.91,3.05,1.025,6,1
217441015,2021,AP,P,1,3.2,3.29,3.41,,3.3,20,21,22,,63,0,0,0,72.36,0.21,3.3,0.1054,3.41,3.2,0.7875,3,0
218094,2018,IH,L,1,,,,3.68,3.68,,,,19,19,0,0,0,29.58,,,,,,0.2375,7,1
218095,2018,IH,L,1,,,,3.24,3.24,,,,21,21,0,0,0,18.7,,,,,,0.2625,8,1
218097,2018,IH,P,1,,,,3.67,3.67,,,,21,21,0,0,0,28.93,,,,,,0.2625,7,1
218098,2018,IH,P,1,,,,2.62,2.62,,,,21,21,2,0,0,28.93,,,,,,0.2625,7,1
218099,2018,IH,L,1,,,,3.38,3.38,,,,21,21,0,0,0,21.82,,,,,,0.2625,7,1
218100,2018,IH,P,1,,,,3.71,3.71,,,,21,21,0,0,0,28.93,,,,,,0.2625,7,1
218101,2018,IH,L,2,,,,3.0,3.0,,,,21,21,0,0,0,17.33,,,,,,0.2625,8,1
218102,2018,IH,L,2,,,,3.05,3.05,,,,21,21,0,0,0,13.17,,,,,,0.2625,7,1
218103,2018,IH,L,2,,,,2.86,2.86,,,,21,21,2,0,0,12.5,,,,,,0.2625,8,1
218104,2018,IH,P,1,,,,3.24,3.24,,,,21,21,0,0,0,28.93,,,,,,0.2625,7,1
218105,2018,IH,L,2,,,,3.48,3.48,,,,21,21,0,0,0,28.93,,,,,,0.2625,7,1
218106,2018,IH,P,1,,,,3.48,3.48,,,,21,21,0,0,0,27.14,,,,,,0.2625,7,1
218107,2018,IH,L,2,,,,2.62,2.62,,,,21,21,1,0,0,,,,,,,0.2625,8,1
218108,2018,IH,L,1,,,,1.38,1.38,,,,21,21,5,0,0,,,,,,,0.2625,12,0
218109,2018,IH,L,1,,,,3.14,3.14,,,,21,21,0,0,0,25.0,,,,,,0.2625,8,1
218110,2018,IH,P,1,,,,3.24,3.24,,,,21,21,0,0,0,28.93,,,,,,0.2625,7,1
218111,2018,IH,L,1,,,,2.81,2.81,,,,21,21,0,0,0,27.14,,,,,,0.2625,7,1
2182124,2018,IH,L,1,,,4.0,,4.0,,,6,,6,0,0,0,,,,,,,0.075,3,1
2182125,2018,IH,L,1,,,4.0,,4.0,,,6,,6,0,0,0,,,,,,,0.075,3,1
2182126,2018,IH,L,4,,,4.0,,4.0,,,6,,6,0,0,0,,,,,,,0.075,3,1
2182127,2018,IH,L,1,,,3.0,,3.0,,,6,,6,0,0,0,,,,,,,0.075,3,1
2182128,2018,IH,P,1,,,3.0,,3.0,,,6,,6,0,0,0,,,,,,,0.075,3,1
2182129,2018,IH,P,1,,,3.0,,3.0,,,6,,6,0,0,0,,,,,,,0.075,3,1
2182130,2018,IH,P,1,,,4.0,,4.0,,,6,,6,0,0,0,,,,,,,0.075,3,1
2182131,2018,IH,P,1,,,3.0,,3.0,,,6,,6,0,0,0,,,,,,,0.075,3,1
2182132,2018,IH,P,2,,,4.0,,4.0,,,6,,6,0,0,0,,,,,,,0.075,3,1
2182133,2018,IH,P,1,,,3.0,,3.0,,,6,,6,0,0,0,,,,,,,0.075,3,1
2182135,2018,IH,P,2,,,3.0,,3.0,,,6,,6,0,0,0,,,,,,,0.075,3,1
21822398,2018,AP,L,1,3.15,2.79,2.71,,2.89,20,19,17,,56,0,0,0,,-0.44,2.8833,0.2344,3.15,2.71,0.7,3,1
2182377,2018,AP,P,1,3.86,3.7199999999999998,3.35,3.52,3.59,14,18,20,21,73,0,0,0,99.11,-0.34,3.6125,0.2238,3.86,3.35,0.9125,5,1
2182378,2018,AP,L,1,3.14,3.39,3.5,3.81,3.49,14,18,20,21,73,0,0,0,99.11,0.67,3.46,0.2777,3.81,3.14,0.9125,5,1
2182379,2018,AP,L,1,3.14,3.22,3.35,3.52,3.33,14,18,20,21,73,0,0,0,99.11,0.38,3.3075,0.166,3.52,3.14,0.9125,5,1
2182381,2018,AP,P,1,4.0,3.89,3.8,3.81,3.86,14,18,20,21,73,0,0,0,99.11,-0.19,3.875,0.0926,4.0,3.8,0.9125,5,1
2182382,2018,AP,P,2,3.86,3.5,3.5,3.43,3.55,14,18,20,21,73,0,0,0,99.11,-0.43,3.5725,0.1945,3.86,3.43,0.9125,5,1
2182383,2018,AP,L,1,3.14,3.0,3.2,3.38,3.19,14,18,20,21,73,0,0,0,99.11,0.24,3.18,0.1575,3.38,3.0,0.9125,5,1
2182384,2018,AP,L,1,3.86,3.11,3.35,3.67,3.48,14,18,20,21,73,0,0,0,99.11,-0.19,3.4975,0.3332,3.86,3.11,0.9125,5,1
2182385,2018,AP,L,1,3.14,3.33,3.3,3.62,3.37,14,18,20,21,73,0,0,0,99.11,0.48,3.3475,0.1999,3.62,3.14,0.9125,5,1
2182386,2018,AP,L,1,3.14,3.0,3.0,3.67,3.22,14,18,20,21,73,0,0,0,96.26,0.53,3.2025,0.3186,3.67,3.0,0.9125,5,1
2182387,2018,AP,P,1,3.86,3.7199999999999998,3.8,3.67,3.75,14,18,20,21,73,0,0,0,99.11,-0.19,3.7625,0.0842,3.86,3.67,0.9125,5,1
2182389,2018,AP,L,1,3.0,3.11,3.0,3.14,3.07,14,18,20,21,73,0,0,0,98.16,0.14,3.0625,0.0732,3.14,3.0,0.9125,5,1
2182390,2018,AP,L,1,3.0,2.7199999999999998,3.0,3.14,2.9699999999999998,14,18,20,21,73,0,0,0,97.21,0.14,2.965,0.1762,3.14,2.72,0.9125,5,1
2182391,2018,AP,P,1,3.29,3.61,3.65,3.67,3.58,14,18,20,21,73,0,0,0,96.26,0.38,3.555,0.1784,3.67,3.29,0.9125,5,1
2182394,2018,AP,P,1,3.0,2.89,3.0,3.29,3.05,14,18,20,21,73,0,0,0,98.16,0.29,3.045,0.1714,3.29,2.89,0.9125,5,1
2182395,2018,AP,P,2,3.29,3.39,3.5,3.52,3.44,14,18,20,21,73,0,0,0,99.11,0.23,3.425,0.1066,3.52,3.29,0.9125,5,1
2182396,2018,AP,L,1,3.0,3.0,3.0,3.29,3.08,14,18,20,21,73,0,0,0,85.69,0.29,3.0725,0.145,3.29,3.0,0.9125,5,1
2182397,2018,AP,P,2,3.14,3.39,3.15,3.24,3.23,14,18,20,21,73,0,0,0,85.69,0.1,3.23,0.1158,3.39,3.14,0.9125,5,1
2192398D,2019,AP,P,1,3.57,3.14,3.32,3.14,3.26,14,22,19,21,76,2,0,0,91.33,-0.43,3.2925,0.2035,3.57,3.14,0.95,5,1
2192399D,2019,AP,L,1,3.14,3.27,3.21,3.52,3.3,14,22,19,21,76,0,0,0,97.74,0.38,3.285,0.1654,3.52,3.14,0.95,5,1
2192400D,2019,AP,L,1,3.43,3.64,3.68,3.67,3.62,14,22,19,21,76,0,0,0,97.45,0.24,3.605,0.1179,3.68,3.43,0.95,5,1
2192401D,2019,AP,L,1,3.0,3.86,3.79,3.38,3.55,14,22,19,21,76,0,0,0,97.45,0.38,3.5075,0.3991,3.86,3.0,0.95,5,1
2227421001,2022,IH,L,1,0.0,3.25,3.83,3.0,3.24,4,97,23,7,131,0,0,2,100.0,3.0,2.52,1.7156,3.83,0.0,1.6375,6,1
2227421002,2022,IH,L,1,0.0,3.21,3.7,3.0,3.18,4,97,23,7,131,0,0,2,100.0,3.0,2.4775,1.6775,3.7,0.0,1.6375,6,1
2227421003,2022,IH,L,1,0.0,3.18,3.83,3.0,3.18,4,97,23,7,131,0,0,2,100.0,3.0,2.5025,1.706,3.83,0.0,1.6375,6,1
2227421004,2022,IH,L,1,0.0,3.23,3.83,3.0,3.22,4,97,23,7,131,0,0,2,100.0,3.0,2.515,1.7128,3.83,0.0,1.6375,6,1
2227421005,2022,IH,L,1,0.0,3.23,3.83,3.0,3.22,4,97,23,7,131,0,0,2,100.0,3.0,2.515,1.7128,3.83,0.0,1.6375,6,1
2227421006,2022,IH,L,1,0.0,3.21,3.83,3.0,3.21,4,97,23,7,131,0,0,2,98.46,3.0,2.51,1.71,3.83,0.0,1.6375,6,1
2227421007,2022,IH,L,1,0.0,3.29,3.83,3.0,3.27,4,97,23,7,131,0,0,2,100.0,3.0,2.53,1.7214,3.83,0.0,1.6375,6,1
2227421008,2022,IH,L,1,0.0,3.21,3.91,3.43,3.24,4,97,23,7,131,0,0,2,100.0,3.43,2.6375,1.7825,3.91,0.0,1.6375,6,1
2227421009,2022,IH,L,1,0.0,3.21,3.91,3.43,3.24,4,97,23,7,131,0,0,2,100.0,3.43,2.6375,1.7825,3.91,0.0,1.6375,6,1
2227421010,2022,IH,L,1,0.0,3.2800000000000002,3.83,3.0,3.26,4,97,23,7,131,0,0,2,100.0,3.0,2.5275,1.7199,3.83,0.0,1.6375,6,1
2227421012,2022,IH,L,1,0.0,3.22,3.7,3.0,3.19,4,97,23,7,131,0,0,2,100.0,3.0,2.48,1.679,3.7,0.0,1.6375,6,1
2227421013,2022,IH,L,1,0.0,3.22,3.91,3.43,3.25,4,97,23,7,131,0,0,2,98.58,3.43,2.64,1.7835,3.91,0.0,1.6375,6,1
2227421014,2022,IH,L,1,0.0,3.26,3.91,3.43,3.2800000000000002,4,97,23,7,131,0,0,2,100.0,3.43,2.65,1.788,3.91,0.0,1.6375,6,1
2227421015,2022,IH,L,1,0.0,3.25,3.7,3.0,3.21,4,97,23,7,131,0,0,2,100.0,3.0,2.4875,1.6834,3.7,0.0,1.6375,6,1
2227421016,2022,IH,L,1,0.0,3.25,3.83,3.0,3.24,4,97,23,7,131,0,0,2,100.0,3.0,2.52,1.7156,3.83,0.0,1.6375,6,1
2227421017,2022,IH,L,1,0.0,3.27,3.83,3.0,3.25,4,97,23,7,131,0,0,2,100.0,3.0,2.525,1.7185,3.83,0.0,1.6375,6,1
2227421018,2022,IH,L,1,0.0,3.31,3.91,3.43,3.32,4,97,23,7,131,0,0,2,100.0,3.43,2.6625,1.7938,3.91,0.0,1.6375,6,1
2227421019,2022,IH,L,1,0.0,3.25,3.91,3.43,3.27,4,97,23,7,131,0,0,2,100.0,3.43,2.6475,1.7868,3.91,0.0,1.6375,6,1
2227421020,2022,IH,L,1,0.0,3.2800000000000002,3.91,3.0,3.27,4,97,23,7,131,0,0,2,98.34,3.0,2.5475,1.7404,3.91,0.0,1.6375,6,1
2227421021,2022,IH,L,1,0.0,3.22,3.7,3.0,3.19,4,97,23,7,131,0,0,2,100.0,3.0,2.48,1.679,3.7,0.0,1.6375,6,1
2227421022,2022,IH,L,1,0.0,3.23,3.83,3.0,3.22,4,97,23,7,131,0,0,2,100.0,3.0,2.515,1.7128,3.83,0.0,1.6375,6,1
2227421023,2022,IH,L,1,0.0,3.25,3.83,3.0,3.24,4,97,23,7,131,0,0,2,100.0,3.0,2.52,1.7156,3.83,0.0,1.6375,6,1
2227421025,2022,IH,L,1,0.0,3.19,3.91,3.0,3.21,4,97,23,7,131,0,0,2,100.0,3.0,2.525,1.7284,3.91,0.0,1.6375,6,1
2227421026,2022,IH,L,1,0.0,3.22,3.91,3.0,3.23,4,97,23,7,131,0,0,2,100.0,3.0,2.5325,1.7323,3.91,0.0,1.6375,6,1
2227421027,2022,IH,L,1,0.0,3.26,3.83,3.0,3.24,4,97,23,7,131,0,0,2,98.58,3.0,2.5225,1.717,3.83,0.0,1.6375,6,1
2227421028,2022,IH,L,1,0.0,3.3,3.83,3.0,3.27,4,97,23,7,131,0,0,2,100.0,3.0,2.5325,1.7229,3.83,0.0,1.6375,6,1
2227421029,2022,IH,L,1,0.0,3.29,3.83,3.0,3.27,4,97,23,7,131,0,0,2,100.0,3.0,2.53,1.7214,3.83,0.0,1.6375,6,1
2227421030,2022,IH,L,1,0.0,3.26,3.7800000000000002,3.0,3.24,4,97,23,7,131,0,0,2,100.0,3.0,2.51,1.7045,3.78,0.0,1.6375,6,1
2227421031,2022,IH,L,1,0.0,3.13,3.83,3.0,3.15,4,97,23,7,131,0,0,2,100.0,3.0,2.49,1.6995,3.83,0.0,1.6375,6,1
2227421032,2022,IH,L,1,0.0,3.14,3.7,3.0,3.14,4,97,23,7,131,0,0,2,100.0,3.0,2.46,1.6677,3.7,0.0,1.6375,6,1
2227421033,2022,IH,L,1,0.0,3.16,3.7,3.0,3.15,4,97,23,7,131,0,0,2,100.0,3.0,2.465,1.6704,3.7,0.0,1.6375,6,1
2227421034,2022,IH,L,1,0.0,3.18,3.83,3.0,3.18,4,97,23,7,131,0,0,2,100.0,3.0,2.5025,1.706,3.83,0.0,1.6375,6,1
2227421035,2022,IH,L,1,0.0,3.2,3.91,3.0,3.21,4,97,23,7,131,0,0,2,100.0,3.0,2.5275,1.7297,3.91,0.0,1.6375,6,1
2227421037,2022,IH,L,1,0.0,3.25,3.91,3.0,3.25,4,97,23,7,131,0,0,2,100.0,3.0,2.54,1.7363,3.91,0.0,1.6375,6,1
2227421038,2022,IH,L,1,0.0,3.33,3.83,3.0,3.3,4,97,23,7,131,0,0,2,100.0,3.0,2.54,1.7274,3.83,0.0,1.6375,6,1
2227421039,2022,IH,L,1,0.0,3.27,3.83,3.0,3.25,4,97,23,7,131,0,0,2,100.0,3.0,2.525,1.7185,3.83,0.0,1.6375,6,1
2227421040,2022,IH,L,1,0.0,3.2800000000000002,3.83,3.0,3.26,4,97,23,7,131,0,0,2,100.0,3.0,2.5275,1.7199,3.83,0.0,1.6375,6,1
2227421041,2022,IH,L,1,0.0,3.34,3.65,3.43,3.3,4,97,23,7,131,0,0,2,,3.43,2.605,1.7415,3.65,0.0,1.6375,6,1
2227421042,2022,IH,L,1,0.0,3.23,3.7,3.0,3.2,4,97,23,7,131,0,0,2,80.0,3.0,2.4825,1.6804,3.7,0.0,1.6375,6,1
2227421043,2022,IH,L,1,0.0,3.29,3.7800000000000002,3.43,3.2800000000000002,4,97,23,7,131,0,0,2,,3.43,2.625,1.7621,3.78,0.0,1.6375,6,1
2227421044,2022,IH,L,1,0.0,3.26,3.7800000000000002,3.43,3.26,4,97,23,7,131,0,0,2,,3.43,2.6175,1.7584,3.78,0.0,1.6375,6,1
2227421045,2022,IH,P,1,0.0,3.26,3.7,3.43,3.24,4,97,23,7,131,0,0,2,,3.43,2.5975,1.7411,3.7,0.0,1.6375,6,1
2227421046,2022,IH,L,1,0.0,3.29,3.7,3.0,3.24,4,97,23,7,131,0,0,2,80.0,3.0,2.4975,1.6896,3.7,0.0,1.6375,6,1
2227421047,2022,IH,L,1,0.0,3.22,3.7,3.0,3.19,4,97,23,7,131,0,0,2,,3.0,2.48,1.679,3.7,0.0,1.6375,6,1
2227421049,2022,IH,L,1,0.0,3.2800000000000002,3.91,3.43,3.3,4,99,23,7,133,0,0,1,97.22,3.43,2.655,1.7903,3.91,0.0,1.6625,6,1
2227421050,2022,IH,L,1,0.0,3.26,3.83,3.0,3.25,4,99,23,7,133,0,0,1,97.22,3.0,2.5225,1.717,3.83,0.0,1.6625,6,1
2227421051,2022,IH,L,1,0.0,3.26,3.83,3.0,3.25,4,99,23,7,133,0,0,1,97.22,3.0,2.5225,1.717,3.83,0.0,1.6625,6,1
2227421052,2022,IH,L,1,0.0,3.26,3.91,3.43,3.29,4,99,23,7,133,0,0,1,97.22,3.43,2.65,1.788,3.91,0.0,1.6625,6,1
2227421053,2022,IH,L,1,0.0,3.2800000000000002,3.91,3.43,3.3,4,99,23,7,133,0,0,1,97.22,3.43,2.655,1.7903,3.91,0.0,1.6625,6,1
2227421054,2022,IH,L,1,0.0,3.25,3.83,3.43,3.26,4,99,23,7,133,0,0,1,97.22,3.43,2.6275,1.7684,3.83,0.0,1.6625,6,1
2227421055,2022,IH,L,1,0.0,3.23,3.83,3.0,3.23,4,99,23,7,133,0,0,1,97.22,3.0,2.515,1.7128,3.83,0.0,1.6625,6,1
2227421056,2022,IH,L,1,0.0,3.3,3.83,3.43,3.3,4,99,23,7,133,0,0,1,97.22,3.43,2.64,1.7744,3.83,0.0,1.6625,6,1
2227421057,2022,IH,L,1,0.0,3.32,4.0,3.43,3.35,4,99,23,7,133,0,0,1,97.22,3.43,2.6875,1.8163,4.0,0.0,1.6625,6,1
2227421058,2022,IH,L,1,0.0,3.17,4.0,3.0,3.21,4,99,23,7,133,0,0,1,97.22,3.0,2.5425,1.7504,4.0,0.0,1.6625,6,1
2227421059,2022,IH,L,1,0.0,3.2800000000000002,3.83,3.0,3.26,4,99,23,7,133,0,0,1,97.22,3.0,2.5275,1.7199,3.83,0.0,1.6625,6,1
2227421060,2022,IH,L,1,0.0,3.24,3.91,3.43,3.27,4,99,23,7,133,0,0,1,95.45,3.43,2.645,1.7857,3.91,0.0,1.6625,6,1
2227421061,2022,IH,L,1,0.0,3.21,3.91,3.43,3.25,4,99,23,7,133,0,0,1,97.22,3.43,2.6375,1.7825,3.91,0.0,1.6625,6,1
2227421062,2022,IH,L,1,0.0,3.2800000000000002,3.83,3.0,3.26,4,99,23,7,133,0,0,1,97.22,3.0,2.5275,1.7199,3.83,0.0,1.6625,6,1
2227421063,2022,IH,L,1,0.0,3.25,3.83,3.0,3.24,4,99,23,7,133,0,0,1,97.22,3.0,2.52,1.7156,3.83,0.0,1.6625,6,1
2227421064,2022,IH,L,1,0.0,3.23,3.91,3.43,3.26,4,99,23,7,133,0,0,1,97.22,3.43,2.6425,1.7846,3.91,0.0,1.6625,6,1
2227421065,2022,IH,L,1,0.0,3.26,3.91,3.43,3.29,4,99,23,7,133,0,0,2,97.22,3.43,2.65,1.788,3.91,0.0,1.6625,6,1
2227421067,2022,IH,L,1,0.0,3.17,3.83,3.43,3.2,4,99,23,7,133,0,0,1,97.22,3.43,2.6075,1.7594,3.83,0.0,1.6625,6,1
2227421068,2022,IH,L,1,0.0,3.2800000000000002,3.7800000000000002,3.43,3.2800000000000002,4,99,23,7,133,0,0,1,97.22,3.43,2.6225,1.7608,3.78,0.0,1.6625,6,1
2227421069,2022,IH,L,1,0.0,3.21,3.91,3.0,3.23,4,99,23,7,133,0,0,1,93.78,3.0,2.53,1.731,3.91,0.0,1.6625,6,1
2227421070,2022,IH,L,1,0.0,3.23,3.91,3.0,3.24,4,99,23,7,133,0,0,1,97.22,3.0,2.535,1.7336,3.91,0.0,1.6625,6,1
2227421071,2022,IH,L,1,0.0,3.17,3.91,3.0,3.2,4,99,23,7,133,0,0,1,97.22,3.0,2.52,1.7258,3.91,0.0,1.6625,6,1
2227421072,2022,IH,L,1,0.0,3.23,4.0,3.43,3.2800000000000002,4,99,23,7,133,0,0,1,97.22,3.43,2.665,1.8064,4.0,0.0,1.6625,6,1
2227421073,2022,IH,P,1,0.0,3.27,3.7,3.43,3.26,4,99,23,7,133,0,0,1,97.22,3.43,2.6,1.7424,3.7,0.0,1.6625,6,1
2227421074,2022,IH,P,1,0.0,3.25,3.7800000000000002,3.43,3.26,4,99,23,7,133,0,0,1,97.22,3.43,2.615,1.7572,3.78,0.0,1.6625,6,1
2227421075,2022,IH,L,1,0.0,3.3,3.91,3.0,3.29,4,99,23,7,133,0,0,1,97.22,3.0,2.5525,1.7433,3.91,0.0,1.6625,6,1
2227421076,2022,IH,L,1,0.0,3.2800000000000002,3.91,3.0,3.2800000000000002,4,99,23,7,133,0,0,1,97.22,3.0,2.5475,1.7404,3.91,0.0,1.6625,6,1
2227421077,2022,IH,L,1,0.0,3.2800000000000002,3.91,3.0,3.2800000000000002,4,99,23,7,133,0,0,1,97.22,3.0,2.5475,1.7404,3.91,0.0,1.6625,6,1
2227421078,2022,IH,L,1,0.0,3.27,3.91,3.43,3.29,4,99,23,7,133,0,0,1,97.22,3.43,2.6525,1.7891,3.91,0.0,1.6625,6,1
2227421079,2022,IH,L,1,0.0,3.25,4.0,3.43,3.29,4,99,23,7,133,0,0,1,97.22,3.43,2.67,1.8085,4.0,0.0,1.6625,6,1
2227421080,2022,IH,L,1,0.0,3.25,3.91,3.43,3.2800000000000002,4,99,23,7,133,0,0,1,97.22,3.43,2.6475,1.7868,3.91,0.0,1.6625,6,1
2227421081,2022,IH,L,1,0.0,3.33,3.91,3.43,3.34,4,99,23,7,133,0,0,1,97.22,3.43,2.6675,1.7963,3.91,0.0,1.6625,6,1
2227421082,2022,IH,L,1,0.0,3.26,3.83,3.0,3.25,4,99,23,7,133,0,0,1,97.22,3.0,2.5225,1.717,3.83,0.0,1.6625,6,1
2227421083,2022,IH,L,1,0.0,3.2,3.7,3.0,3.18,4,99,23,7,133,0,0,1,97.22,3.0,2.475,1.6761,3.7,0.0,1.6625,6,1
2227421084,2022,IH,L,1,0.0,3.23,3.83,3.0,3.23,4,99,23,7,133,0,0,1,97.22,3.0,2.515,1.7128,3.83,0.0,1.6625,6,1
2227421085,2022,IH,L,1,0.0,3.2800000000000002,3.91,3.0,3.2800000000000002,4,99,23,7,133,0,0,1,97.22,3.0,2.5475,1.7404,3.91,0.0,1.6625,6,1
2227421086,2022,IH,L,1,0.0,3.32,3.91,3.43,3.33,4,99,23,7,133,0,0,1,97.22,3.43,2.665,1.795,3.91,0.0,1.6625,6,1
2227421087,2022,IH,L,1,0.0,3.25,3.83,3.0,3.24,4,99,23,7,133,0,0,1,97.22,3.0,2.52,1.7156,3.83,0.0,1.6625,6,1
2227421088,2022,IH,L,1,0.0,3.26,3.91,3.0,3.26,4,99,23,7,133,0,0,1,97.22,3.0,2.5425,1.7377,3.91,0.0,1.6625,6,1
2227421090,2022,IH,L,1,0.0,3.25,3.65,3.0,3.21,4,99,23,7,133,0,0,2,,3.0,2.475,1.6716,3.65,0.0,1.6625,6,1
2227421091,2022,IH,L,1,0.0,3.34,3.7800000000000002,3.43,3.32,4,99,23,7,133,0,0,2,,3.43,2.6375,1.7685,3.78,0.0,1.6625,6,1
2227421092,2022,IH,L,1,0.0,3.27,3.52,3.43,3.23,4,99,23,7,133,0,0,2,80.0,3.43,2.555,1.7065,3.52,0.0,1.6625,6,1
2227421093,2022,IH,L,1,0.0,3.26,3.7800000000000002,3.43,3.26,4,99,23,7,133,0,0,2,,3.43,2.6175,1.7584,3.78,0.0,1.6625,6,1
2227421094,2022,IH,L,1,0.0,3.18,3.7,3.0,3.17,4,99,23,7,133,0,0,2,,3.0,2.47,1.6732,3.7,0.0,1.6625,6,1
2227421096,2022,IH,L,1,0.0,3.23,3.7800000000000002,3.0,3.22,4,99,23,7,133,0,0,2,,3.0,2.5025,1.7001,3.78,0.0,1.6625,6,1
2227421097,2022,IH,L,1,0.0,3.2800000000000002,3.57,3.0,3.22,4,99,23,7,133,0,0,2,,3.0,2.4625,1.6581,3.57,0.0,1.6625,6,1
2227421098,2022,IH,L,1,0.0,3.27,3.61,3.0,3.22,4,99,23,7,133,0,0,1,,3.0,2.47,1.6655,3.61,0.0,1.6625,6,1
2227421100,2022,IH,L,1,0.0,3.24,3.61,3.0,3.2,4,99,23,7,133,0,0,1,,3.0,2.4625,1.6607,3.61,0.0,1.6625,6,1
2227421102,2022,IH,L,1,0.0,3.22,3.61,3.0,3.18,4,99,23,7,133,0,0,1,,3.0,2.4575,1.6576,3.61,0.0,1.6625,6,1
2227421103,2022,IH,L,1,0.0,3.25,3.61,3.0,3.2,4,99,23,7,133,0,0,1,,3.0,2.465,1.6623,3.61,0.0,1.6625,6,1
2227421104,2022,IH,L,1,0.0,3.22,3.61,3.0,3.18,4,99,23,7,133,0,0,1,,3.0,2.4575,1.6576,3.61,0.0,1.6625,6,1
2227421105,2022,IH,L,1,0.0,3.22,3.61,3.0,3.18,4,99,23,7,133,0,0,1,,3.0,2.4575,1.6576,3.61,0.0,1.6625,6,1
2227421106,2022,IH,L,1,0.0,3.24,3.7,3.0,3.21,4,99,23,7,133,0,0,1,,3.0,2.485,1.6819,3.7,0.0,1.6625,6,1
2227421107,2022,IH,L,1,0.0,3.27,3.7,3.0,3.23,4,99,23,7,133,0,0,1,,3.0,2.4925,1.6865,3.7,0.0,1.6625,6,1
2227421108,2022,IH,L,1,0.0,3.2800000000000002,3.61,3.0,3.23,4,99,23,7,133,0,0,1,,3.0,2.4725,1.6671,3.61,0.0,1.6625,6,1
2227421111,2022,IH,L,1,0.0,3.24,3.61,3.0,3.2,4,99,23,7,133,0,0,1,,3.0,2.4625,1.6607,3.61,0.0,1.6625,6,1
2227421112,2022,IH,L,1,0.0,3.22,3.7,3.0,3.2,4,99,23,7,133,0,0,1,,3.0,2.48,1.679,3.7,0.0,1.6625,6,1
2227421113,2022,IH,L,1,0.0,3.24,3.7,3.0,3.21,4,99,23,7,133,0,0,1,,3.0,2.485,1.6819,3.7,0.0,1.6625,6,1
2227421114,2022,IH,P,1,0.0,3.24,3.7,3.0,3.21,4,99,23,7,133,0,0,1,,3.0,2.485,1.6819,3.7,0.0,1.6625,6,1
2227421115,2022,IH,L,1,0.0,3.27,3.61,3.0,3.22,4,99,23,7,133,0,0,1,,3.0,2.47,1.6655,3.61,0.0,1.6625,6,1
2227421116,2022,IH,L,1,0.0,3.22,3.61,3.0,3.18,4,99,23,7,133,0,0,1,,3.0,2.4575,1.6576,3.61,0.0,1.6625,6,1
2227421117,2022,IH,L,1,0.0,3.27,3.61,3.0,3.22,4,99,23,7,133,0,0,1,,3.0,2.47,1.6655,3.61,0.0,1.6625,6,1
2227421118,2022,IH,L,1,0.0,3.25,3.61,3.0,3.2,4,99,23,7,133,0,0,1,,3.0,2.465,1.6623,3.61,0.0,1.6625,6,1
2227421119,2022,IH,L,1,0.0,3.22,3.61,3.0,3.18,4,99,23,7,133,0,0,1,,3.0,2.4575,1.6576,3.61,0.0,1.6625,6,1
2227421121,2022,IH,L,1,0.0,3.24,3.7,3.0,3.21,4,99,23,7,133,0,0,1,,3.0,2.485,1.6819,3.7,0.0,1.6625,6,1
2227421122,2022,IH,L,1,0.0,3.2,3.7,3.0,3.18,4,99,23,7,133,0,0,1,,3.0,2.475,1.6761,3.7,0.0,1.6625,6,1
2227421123,2022,IH,L,1,0.0,3.22,3.7,3.0,3.2,4,99,23,7,133,0,0,1,,3.0,2.48,1.679,3.7,0.0,1.6625,6,1
2227421124,2022,IH,L,1,0.0,3.24,3.7800000000000002,3.0,3.23,4,99,23,7,133,0,0,1,,3.0,2.505,1.7016,3.78,0.0,1.6625,6,1
2227421125,2022,IH,L,1,0.0,3.22,3.61,3.0,3.18,4,99,23,7,133,0,0,1,,3.0,2.4575,1.6576,3.61,0.0,1.6625,6,1
2227421126,2022,IH,P,1,0.0,3.25,3.7,3.0,3.22,4,99,23,7,133,0,0,1,,3.0,2.4875,1.6834,3.7,0.0,1.6625,6,1
2227421127,2022,IH,L,1,0.0,3.26,3.7,3.0,3.23,4,99,23,7,133,0,0,1,,3.0,2.49,1.685,3.7,0.0,1.6625,6,1
2227421128,2022,IH,L,1,0.0,3.25,3.61,3.0,3.2,4,99,23,7,133,0,0,1,,3.0,2.465,1.6623,3.61,0.0,1.6625,6,1
2227421129,2022,IH,L,1,0.0,3.22,3.7800000000000002,3.0,3.21,4,99,23,7,133,0,0,1,,3.0,2.5,1.6987,3.78,0.0,1.6625,6,1
2227421130,2022,IH,L,1,0.0,3.27,3.7800000000000002,3.0,3.25,4,99,23,7,133,0,0,1,,3.0,2.5125,1.7059,3.78,0.0,1.6625,6,1
2227421131,2022,IH,L,1,0.0,3.18,3.61,3.0,3.15,4,99,23,7,133,0,0,1,,3.0,2.4475,1.6516,3.61,0.0,1.6625,6,1
2227421132,2022,IH,L,1,0.0,3.27,3.61,3.0,3.22,4,99,23,7,133,0,0,1,,3.0,2.47,1.6655,3.61,0.0,1.6625,6,1
2227421133,2022,IH,P,1,0.0,3.24,3.61,3.0,3.2,4,99,23,7,133,0,0,1,,3.0,2.4625,1.6607,3.61,0.0,1.6625,6,1
2227421134,2022,IH,L,1,0.0,3.22,3.7,3.0,3.2,4,99,23,7,133,0,0,1,,3.0,2.48,1.679,3.7,0.0,1.6625,6,1
2227421135,2022,IH,L,1,0.0,3.25,3.7,3.0,3.22,4,99,23,7,133,0,0,1,,3.0,2.4875,1.6834,3.7,0.0,1.6625,6,1
2227421136,2022,IH,L,1,0.0,3.25,3.61,3.0,3.2,4,99,23,7,133,0,0,1,,3.0,2.465,1.6623,3.61,0.0,1.6625,6,1
2227421137,2022,IH,L,1,0.0,3.29,3.61,3.0,3.23,4,99,23,7,133,0,0,1,,3.0,2.475,1.6687,3.61,0.0,1.6625,6,1
2227421138,2022,IH,L,1,0.0,3.27,3.7,3.0,3.23,4,99,23,7,133,0,0,1,,3.0,2.4925,1.6865,3.7,0.0,1.6625,6,1
2227421139,2022,IH,L,1,0.0,3.22,3.61,3.0,3.18,4,99,23,7,133,0,0,1,,3.0,2.4575,1.6576,3.61,0.0,1.6625,6,1
2227421140,2022,IH,L,1,0.0,3.27,3.7,3.0,3.23,4,99,23,7,133,0,0,1,80.0,3.0,2.4925,1.6865,3.7,0.0,1.6625,6,1
2227421141,2022,IH,L,1,0.0,3.25,3.7,3.0,3.22,4,99,23,7,133,0,0,1,,3.0,2.4875,1.6834,3.7,0.0,1.6625,6,1
2227421142,2022,IH,L,1,0.0,3.25,3.7800000000000002,3.0,3.23,4,99,23,7,133,0,0,1,,3.0,2.5075,1.703,3.78,0.0,1.6625,6,1
2227421143,2022,IH,P,1,0.0,3.25,3.7,3.0,3.22,4,99,23,7,133,0,0,1,,3.0,2.4875,1.6834,3.7,0.0,1.6625,6,1
2227421144,2022,IH,L,1,0.0,3.25,3.7,3.0,3.22,4,99,23,7,133,0,0,1,,3.0,2.4875,1.6834,3.7,0.0,1.6625,6,1
2227421145,2022,IH,L,1,0.0,3.2800000000000002,3.83,3.0,3.26,4,99,23,7,133,0,0,1,91.33,3.0,2.5275,1.7199,3.83,0.0,1.6625,6,1
2227421146,2022,IH,L,1,0.0,3.23,3.91,3.43,3.26,4,99,23,7,133,0,0,1,95.15,3.43,2.6425,1.7846,3.91,0.0,1.6625,6,1
2227421147,2022,IH,L,1,0.0,3.25,3.83,3.0,3.24,4,99,23,7,133,0,0,1,92.35,3.0,2.52,1.7156,3.83,0.0,1.6625,6,1
2227421148,2022,IH,L,1,0.0,3.2800000000000002,3.91,3.43,3.3,4,99,23,7,133,0,0,1,94.8,3.43,2.655,1.7903,3.91,0.0,1.6625,6,1
2227421149,2022,IH,L,1,0.0,3.25,3.91,3.43,3.2800000000000002,4,99,23,7,133,0,0,1,91.67,3.43,2.6475,1.7868,3.91,0.0,1.6625,6,1
2227421150,2022,IH,L,1,0.0,3.23,3.83,3.0,3.23,4,99,23,7,133,0,0,1,90.63,3.0,2.515,1.7128,3.83,0.0,1.6625,6,1
2227421151,2022,IH,L,1,0.0,3.26,3.91,3.43,3.29,4,99,23,7,133,0,0,1,92.35,3.43,2.65,1.788,3.91,0.0,1.6625,6,1
2227421152,2022,IH,L,1,0.0,3.25,3.83,3.43,3.26,4,99,23,7,133,0,0,1,93.75,3.43,2.6275,1.7684,3.83,0.0,1.6625,6,1
2227421153,2022,IH,L,1,0.0,3.32,3.91,3.43,3.33,4,99,23,7,133,0,0,1,95.5,3.43,2.665,1.795,3.91,0.0,1.6625,6,1
2227421154,2022,IH,L,1,0.0,3.25,3.91,3.43,3.2800000000000002,4,99,23,7,133,0,0,1,94.8,3.43,2.6475,1.7868,3.91,0.0,1.6625,6,1
2227421155,2022,IH,L,1,0.0,3.25,3.7800000000000002,3.43,3.26,4,99,23,7,133,0,0,1,90.98,3.43,2.615,1.7572,3.78,0.0,1.6625,6,1
2227421157,2022,IH,L,1,0.0,3.23,3.83,3.43,3.25,4,99,23,7,133,0,0,1,89.11,3.43,2.6225,1.766,3.83,0.0,1.6625,6,1
2227421158,2022,IH,L,1,0.0,3.26,3.7800000000000002,3.43,3.26,4,99,23,7,133,0,0,1,90.63,3.43,2.6175,1.7584,3.78,0.0,1.6625,6,1
2227421159,2022,IH,L,1,0.0,3.26,3.91,3.43,3.29,4,99,23,7,133,0,0,1,91.19,3.43,2.65,1.788,3.91,0.0,1.6625,6,1
2227421160,2022,IH,L,1,0.0,3.23,3.7800000000000002,3.43,3.24,4,99,23,7,133,0,0,1,94.8,3.43,2.61,1.7548,3.78,0.0,1.6625,6,1
2227421161,2022,IH,L,1,0.0,3.26,3.7,3.0,3.23,4,99,23,7,133,0,0,1,90.9,3.0,2.49,1.685,3.7,0.0,1.6625,6,1
2227421162,2022,IH,P,1,0.0,3.21,3.83,3.0,3.21,4,99,23,7,133,0,0,1,90.63,3.0,2.51,1.71,3.83,0.0,1.6625,6,1
2227421163,2022,IH,L,1,0.0,3.23,3.83,3.0,3.23,4,99,23,7,133,0,0,1,87.33,3.0,2.515,1.7128,3.83,0.0,1.6625,6,1
2227421164,2022,IH,L,1,0.0,3.23,3.83,3.0,3.23,4,99,23,7,133,0,0,1,93.42,3.0,2.515,1.7128,3.83,0.0,1.6625,6,1
2227421165,2022,IH,L,1,0.0,3.32,3.83,3.0,3.29,4,99,23,7,133,0,0,1,94.45,3.0,2.5375,1.7259,3.83,0.0,1.6625,6,1
2227421166,2022,IH,L,1,0.0,3.32,3.83,3.0,3.29,4,99,23,7,133,0,0,1,95.83,3.0,2.5375,1.7259,3.83,0.0,1.6625,6,1
2227421167,2022,IH,L,1,0.0,3.32,3.83,3.0,3.29,4,99,23,7,133,0,0,1,90.97,3.0,2.5375,1.7259,3.83,0.0,1.6625,6,1
2227421168,2022,IH,L,1,0.0,3.23,3.83,3.0,3.23,4,99,23,7,133,0,0,1,96.18,3.0,2.515,1.7128,3.83,0.0,1.6625,6,1
2227421169,2022,IH,L,1,0.0,3.26,3.83,3.0,3.25,4,99,23,7,133,0,0,1,92.02,3.0,2.5225,1.717,3.83,0.0,1.6625,6,1
2227421170,2022,IH,L,1,0.0,3.23,3.83,3.43,3.25,4,99,23,7,133,0,0,1,90.63,3.43,2.6225,1.766,3.83,0.0,1.6625,6,1
2227421171,2022,IH,L,1,0.0,3.3,3.7800000000000002,3.43,3.29,4,99,23,7,133,0,0,1,93.42,3.43,2.6275,1.7634,3.78,0.0,1.6625,6,1
2227421172,2022,IH,P,1,0.0,3.22,3.7800000000000002,3.43,3.23,4,99,23,7,133,0,0,1,97.23,3.43,2.6075,1.7536,3.78,0.0,1.6625,6,1
2227421173,2022,IH,L,1,0.0,3.3,3.7,3.0,3.26,4,99,23,7,133,0,0,1,92.02,3.0,2.5,1.6912,3.7,0.0,1.6625,6,1
2227421174,2022,IH,L,1,0.0,3.23,3.83,3.0,3.23,4,99,23,7,133,0,0,1,94.43,3.0,2.515,1.7128,3.83,0.0,1.6625,6,1
2227421175,2022,IH,L,1,0.0,3.21,3.83,3.0,3.21,4,99,23,7,133,0,0,1,95.83,3.0,2.51,1.71,3.83,0.0,1.6625,6,1
2227421176,2022,IH,L,1,0.0,3.25,3.91,3.0,3.26,4,99,23,7,133,0,0,1,89.0,3.0,2.54,1.7363,3.91,0.0,1.6625,6,1
2227421177,2022,IH,L,1,0.0,3.25,3.83,3.43,3.26,4,99,23,7,133,0,0,1,92.37,3.43,2.6275,1.7684,3.83,0.0,1.6625,6,1
2227421179,2022,IH,L,1,0.0,3.23,3.83,3.0,3.23,4,99,23,7,133,0,0,1,93.75,3.0,2.515,1.7128,3.83,0.0,1.6625,6,1
2227421180,2022,IH,L,1,0.0,3.21,3.83,3.0,3.21,4,99,23,7,133,0,0,1,90.27,3.0,2.51,1.71,3.83,0.0,1.6625,6,1
2227421181,2022,IH,L,1,0.0,3.2800000000000002,3.83,3.0,3.26,4,99,23,7,133,0,0,1,92.03,3.0,2.5275,1.7199,3.83,0.0,1.6625,6,1
2227421182,2022,IH,L,1,0.0,3.23,3.91,3.43,3.26,4,99,23,7,133,0,0,1,94.8,3.43,2.6425,1.7846,3.91,0.0,1.6625,6,1
2227421183,2022,IH,L,1,0.0,3.26,3.83,3.0,3.25,4,99,23,7,133,0,0,1,91.33,3.0,2.5225,1.717,3.83,0.0,1.6625,6,1
2227421184,2022,IH,L,1,0.0,3.23,3.83,3.0,3.23,4,99,23,7,133,0,0,1,88.9,3.0,2.515,1.7128,3.83,0.0,1.6625,6,1
227421023,2022,IH,L,1,1.5,3.0,0.0,0.0,1.21,24,21,18,19,82,18,4,0,55.79,-1.5,1.125,1.4361,3.0,0.0,1.025,4,0
227421024,2022,IH,L,1,1.33,3.0,0.0,0.0,1.16,24,21,18,19,82,18,4,0,56.48,-1.33,1.0825,1.4238,3.0,0.0,1.025,4,0
227421033,2022,IH,P,2,2.54,3.1,0.0,0.0,1.54,24,21,18,19,82,15,1,0,75.77,-2.54,1.41,1.6441,3.1,0.0,1.025,4,0
227422014,2022,IH,P,1,3.27,4.0,3.67,,3.33,133,8,6,,147,1,1,0,32.1,0.4,3.6467,0.3656,4.0,3.27,1.8375,3,1
227422016,2022,IH,L,1,3.45,3.67,4.0,,3.48,133,6,6,,145,0,0,0,61.42,0.55,3.7067,0.2768,4.0,3.45,1.8125,3,1
227422017,2022,IH,L,1,3.17,3.67,3.67,,3.21,133,6,6,,145,0,0,0,66.7,0.5,3.5033,0.2887,3.67,3.17,1.8125,3,1
227422018,2022,IH,L,1,3.21,3.67,4.0,,3.26,133,6,6,,145,0,0,0,69.17,0.79,3.6267,0.3968,4.0,3.21,1.8125,3,1
227422019,2022,IH,L,1,3.07,3.0,3.67,,3.09,133,4,6,,143,0,0,0,32.88,0.6,3.2467,0.3683,3.67,3.0,1.7875,3,1
227422021,2022,IH,L,1,3.01,3.77,3.7,2.91,3.23,71,22,23,23,139,2,0,0,52.47,-0.1,3.3475,0.4502,3.77,2.91,1.7375,5,1
227441006,2022,AP,L,1,2.85,2.0,2.05,2.11,2.24,20,21,22,19,82,9,0,0,63.71,-0.74,2.2525,0.4009,2.85,2.0,1.025,7,0
227441010,2022,AP,L,1,3.1,2.48,3.36,3.0,2.99,20,21,22,19,82,2,0,0,75.19,-0.1,2.985,0.3693,3.36,2.48,1.025,7,0
2327421001,2023,IH,L,1,3.1,3.16,4.0,0.0,2.49,20,19,18,21,78,0,0,0,,-3.1,2.565,1.7587,4.0,0.0,0.975,4,0
2327421002,2023,IH,L,1,3.1,3.0,4.0,0.0,2.45,20,19,18,21,78,0,0,0,,-3.1,2.525,1.7424,4.0,0.0,0.975,4,0
2327421003,2023,IH,P,1,3.1,3.16,4.0,0.0,2.49,20,19,18,21,78,0,0,0,,-3.1,2.565,1.7587,4.0,0.0,0.975,4,0
2327421004,2023,IH,P,1,3.2,3.0,4.0,0.0,2.4699999999999998,20,19,18,21,78,0,0,0,,-3.2,2.55,1.754,4.0,0.0,0.975,4,0
2327421005,2023,IH,L,1,3.2,3.0,4.0,0.0,2.4699999999999998,20,19,18,21,78,0,0,0,,-3.2,2.55,1.754,4.0,0.0,0.975,4,0
2327421006,2023,IH,L,1,3.1,3.16,4.0,0.0,2.49,20,19,18,21,78,0,0,0,,-3.1,2.565,1.7587,4.0,0.0,0.975,4,0
2327421007,2023,IH,L,1,3.1,3.16,4.0,0.0,2.49,20,19,18,21,78,0,0,0,,-3.1,2.565,1.7587,4.0,0.0,0.975,4,0
2327421008,2023,IH,L,2,3.2,3.0,4.0,0.0,2.4699999999999998,20,19,18,21,78,0,0,0,,-3.2,2.55,1.754,4.0,0.0,0.975,4,0
2327421009,2023,IH,L,1,3.1,3.0,4.0,0.0,2.45,20,19,18,21,78,0,0,0,,-3.1,2.525,1.7424,4.0,0.0,0.975,4,0
2327421010,2023,IH,L,1,3.2,3.0,4.0,0.0,2.4699999999999998,20,19,18,21,78,0,0,0,,-3.2,2.55,1.754,4.0,0.0,0.975,4,0
2327421011,2023,IH,L,1,3.2,3.0,4.0,0.0,2.4699999999999998,20,19,18,21,78,0,0,0,,-3.2,2.55,1.754,4.0,0.0,0.975,4,0
2327421012,2023,IH,L,1,3.1,3.0,4.0,0.0,2.45,20,19,18,21,78,0,0,0,,-3.1,2.525,1.7424,4.0,0.0,0.975,4,0
2327421013,2023,IH,L,1,3.1,3.0,4.0,0.0,2.45,20,19,18,21,78,0,0,0,,-3.1,2.525,1.7424,4.0,0.0,0.975,4,0
2327421015,2023,IH,L,1,3.2,3.0,4.0,0.0,2.4699999999999998,20,19,18,21,78,0,0,0,,-3.2,2.55,1.754,4.0,0.0,0.975,4,0
2327421016,2023,IH,L,1,3.1,3.16,4.0,0.0,2.49,20,19,18,21,78,0,0,0,,-3.1,2.565,1.7587,4.0,0.0,0.975,4,0
2327421017,2023,IH,L,1,3.1,3.0,4.0,0.0,2.45,20,19,18,21,78,0,0,0,,-3.1,2.525,1.7424,4.0,0.0,0.975,4,0
2327421018,2023,IH,L,1,3.1,3.16,4.0,0.0,2.49,20,19,18,21,78,0,0,0,,-3.1,2.565,1.7587,4.0,0.0,0.975,4,0
2327421019,2023,IH,L,1,3.1,3.16,4.0,0.0,2.49,20,19,18,21,78,0,0,0,,-3.1,2.565,1.7587,4.0,0.0,0.975,4,0
2327421020,2023,IH,L,1,3.1,3.0,4.0,0.0,2.45,20,19,18,21,78,0,0,0,,-3.1,2.525,1.7424,4.0,0.0,0.975,4,0
2327421021,2023,IH,L,1,3.1,3.0,4.0,0.0,2.45,20,19,18,21,78,0,0,0,,-3.1,2.525,1.7424,4.0,0.0,0.975,4,0
2327421022,2023,IH,L,1,3.1,3.0,4.0,0.0,2.45,20,19,18,21,78,0,0,0,,-3.1,2.525,1.7424,4.0,0.0,0.975,4,0
2327421061,2023,IH,L,1,3.2,3.16,3.67,0.0,2.44,20,19,18,21,78,0,0,0,,-3.2,2.5075,1.6876,3.67,0.0,0.975,4,0
2327421062,2023,IH,L,1,3.0,3.0,3.67,0.0,2.35,20,19,18,21,78,0,0,0,,-3.0,2.4175,1.6423,3.67,0.0,0.975,4,0
2327421063,2023,IH,P,1,3.35,3.0,3.67,0.0,2.44,20,19,18,21,78,0,0,0,,-3.35,2.505,1.6923,3.67,0.0,0.975,4,0
2327421064,2023,IH,L,1,3.1,3.0,3.67,0.0,2.37,20,19,18,21,78,0,0,0,,-3.1,2.4425,1.6549,3.67,0.0,0.975,4,0
2327421065,2023,IH,L,1,3.0,3.16,3.67,0.0,2.38,20,19,18,21,78,0,0,0,,-3.0,2.4575,1.6631,3.67,0.0,0.975,4,0
2327421066,2023,IH,P,1,3.0,3.16,3.67,0.0,2.38,20,19,18,21,78,0,0,0,,-3.0,2.4575,1.6631,3.67,0.0,0.975,4,0
2327421067,2023,IH,L,1,3.15,3.16,3.67,0.0,2.42,20,19,18,21,78,0,0,0,,-3.15,2.495,1.681,3.67,0.0,0.975,4,0
2327421068,2023,IH,L,1,3.0,2.68,3.67,0.0,2.27,20,19,18,21,78,1,0,0,,-3.0,2.3375,1.612,3.67,0.0,0.975,4,0
2327421069,2023,IH,L,1,3.1,3.0,3.67,0.0,2.37,20,19,18,21,78,0,0,0,,-3.1,2.4425,1.6549,3.67,0.0,0.975,4,0
2327421070,2023,IH,L,1,3.0,3.0,3.67,0.0,2.35,20,19,18,21,78,0,0,0,,-3.0,2.4175,1.6423,3.67,0.0,0.975,4,0
2327421071,2023,IH,L,1,3.35,3.0,3.67,0.0,2.44,20,19,18,21,78,0,0,0,,-3.35,2.505,1.6923,3.67,0.0,0.975,4,0
2327421072,2023,IH,L,1,3.0,3.0,3.67,0.0,2.35,20,19,18,21,78,0,0,0,,-3.0,2.4175,1.6423,3.67,0.0,0.975,4,0
2327421073,2023,IH,L,1,3.15,3.0,3.67,0.0,2.38,20,19,18,21,78,0,0,0,,-3.15,2.455,1.6617,3.67,0.0,0.975,4,0
2327421074,2023,IH,P,1,3.2,3.16,3.67,0.0,2.44,20,19,18,21,78,0,0,0,,-3.2,2.5075,1.6876,3.67,0.0,0.975,4,0
2327421075,2023,IH,L,1,3.0,3.16,3.67,0.0,2.38,20,19,18,21,78,0,0,0,,-3.0,2.4575,1.6631,3.67,0.0,0.975,4,0
2327421076,2023,IH,L,1,3.33,3.0,2.5,0.0,3.13,122,7,16,4,149,1,0,1,,-3.33,2.2075,1.5107,3.33,0.0,1.8625,4,1
237421016,2023,IH,P,1,3.35,0.0,1.33,,1.54,20,21,18,,59,9,0,0,91.68,-2.02,1.56,1.6868,3.35,0.0,0.7375,3,0
237421019,2023,IH,L,1,3.65,3.62,1.33,,2.93,20,21,18,,59,4,0,0,92.6,-2.32,2.8667,1.3309,3.65,1.33,0.7375,3,0
237421027,2023,IH,L,1,3.15,0.67,3.33,,2.32,20,21,18,,59,9,0,0,92.14,0.18,2.3833,1.4865,3.33,0.67,0.7375,3,0
237421036,2023,IH,L,1,3.0,0.0,3.67,,2.14,20,21,18,,59,6,1,0,87.32,0.67,2.2233,1.9544,3.67,0.0,0.7375,3,0
237421040,2023,IH,P,1,1.3,0.57,3.17,,1.6099999999999999,20,21,18,,59,14,5,0,92.72,1.87,1.68,1.341,3.17,0.57,0.7375,3,0
237421046,2023,IH,L,1,3.65,0.62,3.83,,2.63,20,21,18,,59,7,0,0,91.26,0.18,2.7,1.8036,3.83,0.62,0.7375,3,0
237421049,2023,IH,P,2,3.55,3.57,3.33,,3.49,20,21,18,,59,1,0,0,89.8,-0.22,3.4833,0.1332,3.57,3.33,0.7375,3,0
237421054,2023,IH,L,2,1.7,0.57,3.67,,1.9,20,21,18,,59,12,4,0,97.52,1.97,1.98,1.5689,3.67,0.57,0.7375,3,0
237421055,2023,IH,P,2,1.7,0.57,3.67,,1.9,20,21,18,,59,12,4,0,96.26,1.97,1.98,1.5689,3.67,0.57,0.7375,3,0
237421069,2023,IH,P,1,2.05,0.57,3.67,,2.02,20,21,18,,59,11,3,0,98.76,1.62,2.0967,1.5505,3.67,0.57,0.7375,3,0
237421074,2023,IH,P,1,2.05,1.95,4.0,,2.61,20,21,18,,59,7,3,0,96.9,1.95,2.6667,1.1558,4.0,1.95,0.7375,3,0
237421083,2023,IH,L,2,3.05,0.86,1.33,,1.75,20,21,18,,59,9,1,0,91.68,-1.72,1.7467,1.1529,3.05,0.86,0.7375,3,0
237421087,2023,IH,L,1,3.65,3.76,1.33,,2.98,20,21,18,,59,4,0,0,99.11,-2.32,2.9133,1.3723,3.76,1.33,0.7375,3,0
A219112,2019,IH,L,2,,3.0,3.32,3.14,3.16,,18,19,21,58,0,0,0,70.63,0.14,3.1533,0.1604,3.32,3.0,0.725,7,1
A219113,2019,IH,L,1,,3.0,3.58,3.05,3.21,,18,19,21,58,0,0,0,73.8,0.05,3.21,0.3214,3.58,3.0,0.725,7,1
A219114,2019,IH,P,2,,3.67,3.68,3.33,3.55,,18,19,21,58,0,0,0,72.81,-0.34,3.56,0.1992,3.68,3.33,0.725,7,1
A219115,2019,IH,P,1,,3.5,3.68,3.24,3.4699999999999998,,18,19,21,58,0,0,0,72.97,-0.26,3.4733,0.2212,3.68,3.24,0.725,7,1
A219116,2019,IH,P,2,,3.5,3.58,3.38,3.48,,18,19,21,58,0,0,0,70.1,-0.12,3.4867,0.1007,3.58,3.38,0.725,7,1
A219117,2019,IH,P,2,,3.17,3.68,3.33,3.4,,18,19,21,58,0,0,0,69.37,0.16,3.3933,0.2608,3.68,3.17,0.725,7,1
A219118,2019,IH,L,1,,3.33,3.37,3.1,3.26,,18,19,21,58,1,0,0,71.36,-0.23,3.2667,0.1457,3.37,3.1,0.725,7,1
A219119,2019,IH,L,1,,3.67,3.79,3.76,3.74,,18,19,21,58,0,0,0,72.68,0.09,3.74,0.0624,3.79,3.67,0.725,7,1
A219120,2019,IH,L,1,,3.5,3.68,3.29,3.48,,18,19,21,58,0,0,0,73.38,-0.21,3.49,0.1952,3.68,3.29,0.725,7,1
A219121,2019,IH,L,1,,3.17,3.16,3.29,3.21,,18,19,21,58,0,0,0,72.39,0.12,3.2067,0.0723,3.29,3.16,0.725,7,1
A219122,2019,IH,L,1,,3.17,3.37,3.05,3.19,,18,19,21,58,0,0,0,79.31,-0.12,3.1967,0.1617,3.37,3.05,0.725,7,1
A219124,2019,IH,P,1,,3.5,3.89,3.52,3.64,,18,19,21,58,0,0,0,73.57,0.02,3.6367,0.2196,3.89,3.5,0.725,7,1
A219125,2019,IH,P,1,,3.33,3.58,3.19,3.36,,18,19,21,58,0,0,0,70.95,-0.14,3.3667,0.1976,3.58,3.19,0.725,7,1
A219126,2019,IH,L,1,,3.83,3.89,3.14,3.6,,18,19,21,58,0,0,0,69.69,-0.69,3.62,0.4168,3.89,3.14,0.725,7,1
A219127,2019,IH,L,1,,3.5,3.4699999999999998,3.05,3.33,,18,19,21,58,0,0,0,73.65,-0.45,3.34,0.2516,3.5,3.05,0.725,7,1
A219128,2019,IH,P,1,,3.83,4.0,3.71,3.84,,18,19,21,58,0,0,0,74.21,-0.12,3.8467,0.1457,4.0,3.71,0.725,7,1
A219129,2019,IH,L,2,,3.33,3.68,3.1,3.36,,18,19,21,58,0,0,0,68.02,-0.23,3.37,0.2921,3.68,3.1,0.725,7,1
A219130,2019,IH,L,1,,3.5,3.58,3.1,3.38,,18,19,21,58,0,0,0,68.83,-0.4,3.3933,0.2572,3.58,3.1,0.725,7,1
A219134,2019,IH,P,1,,3.83,3.89,3.57,3.76,,18,19,21,58,0,0,0,73.69,-0.26,3.7633,0.1701,3.89,3.57,0.725,7,1
A219137,2019,IH,L,1,,3.33,2.68,2.9,2.9699999999999998,,18,19,21,58,2,0,0,66.71,-0.43,2.97,0.3306,3.33,2.68,0.725,7,1
A219139,2019,IH,L,2,,2.67,2.11,2.38,2.38,,18,19,21,58,3,0,0,71.22,-0.29,2.3867,0.2801,2.67,2.11,0.725,8,1
A219140,2019,IH,P,1,,3.5,3.68,3.33,3.5,,18,19,21,58,0,0,0,66.58,-0.17,3.5033,0.175,3.68,3.33,0.725,7,1
A219141,2019,IH,P,1,,3.17,3.11,3.0,3.09,,18,19,21,58,1,0,0,65.02,-0.17,3.0933,0.0862,3.17,3.0,0.725,7,1
